key_group,distinct_keys,n,pair_share
addr:*,581,20098019,0.144
amenity,1,17089859,0.1225
name,1,15342089,0.1099
shop,1,5529291,0.0396
brand:*,242,3446361,0.0247
opening_hours,1,3379765,0.0242
name:*,1289,3368992,0.0241
tourism,1,3167406,0.0227
contact:*,552,3075917,0.022
operator,1,2606819,0.0187
website,1,2392831,0.0171
source,1,2345992,0.0168
phone,1,2341818,0.0168
brand,1,2197701,0.0157
backrest,1,2149826,0.0154
payment:*,2508,1884941,0.0135
check_date,1,1858105,0.0133
operator:*,326,1765858,0.0127
material,1,1585527,0.0114
leisure,1,1553628,0.0111
historic,1,1483229,0.0106
wheelchair,1,1431795,0.0103
information,1,1388986,0.01
access,1,1195509,0.0086
recycling:*,694,1149262,0.0082
cuisine,1,1138869,0.0082
capacity,1,1011443,0.0072
office,1,1009292,0.0072
ref:*,1723,974535,0.007
ref,1,967766,0.0069
covered,1,894915,0.0064
healthcare,1,801927,0.0057
description,1,766293,0.0055
fee,1,750071,0.0054
religion,1,722601,0.0052
level,1,684037,0.0049
bicycle_parking,1,630986,0.0045
email,1,598554,0.0043
source:*,668,591696,0.0042
colour,1,544052,0.0039
seats,1,541109,0.0039
ele,1,522440,0.0037
recycling_type,1,492588,0.0035
note,1,401784,0.0029
hiking,1,373104,0.0027
outdoor_seating,1,356655,0.0026
check_date:*,157,354411,0.0025
toilets:*,144,351294,0.0025
waste,1,348758,0.0025
takeaway,1,347783,0.0025
vending,1,344607,0.0025
internet_access,1,336541,0.0024
memorial,1,334657,0.0024
parking,1,333869,0.0024
denomination,1,297376,0.0021
board_type,1,290409,0.0021
craft,1,287925,0.0021
start_date,1,281204,0.002
fuel:*,483,280133,0.002
wikidata,1,276672,0.002
survey:*,20,274970,0.002
artwork_type,1,272579,0.002
branch,1,264735,0.0019
gnis:*,12,255936,0.0018
socket:*,283,239899,0.0017
location,1,237121,0.0017
direction,1,227316,0.0016
inscription,1,220263,0.0016
sport,1,218720,0.0016
armrest,1,215194,0.0015
diet:*,230,211921,0.0015
network,1,204542,0.0015
collection_times,1,204040,0.0015
bicycle,1,193842,0.0014
alt_name,1,181887,0.0013
drive_through,1,179302,0.0013
isced:*,9,178744,0.0013
service:*,1186,175932,0.0013
image,1,173490,0.0012
indoor_seating,1,168574,0.0012
KSJ2:*,14,160524,0.0012
man_made,1,159778,0.0011
shelter_type,1,154061,0.0011
currency:*,306,152178,0.0011
indoor,1,151166,0.0011
fixme,1,148122,0.0011
atm,1,147329,0.0011
smoking,1,145631,0.001
parking_space,1,143973,0.001
lit,1,142838,0.001
official_name,1,140270,0.001
post_box:*,29,139238,0.001
healthcare:*,84,138463,0.001
archaeological_site,1,130204,0.0009
dispensing,1,128340,0.0009
swimming_pool,1,128263,0.0009
wikimedia_commons,1,126501,0.0009
fhrs:*,19,121296,0.0009
note:*,337,119172,0.0009
source_ref,1,118973,0.0009
authentication:*,69,118917,0.0009
bench,1,118684,0.0009
short_name,1,117563,0.0008
network:*,52,117239,0.0008
artist_name,1,112280,0.0008
internet_access:*,69,108815,0.0008
surface,1,106579,0.0008
support,1,105658,0.0008
opening_hours:*,373,103311,0.0007
wikipedia,1,100066,0.0007
fax,1,97790,0.0007
post:*,31,94989,0.0007
male,1,92921,0.0007
toilets,1,90972,0.0007
mapillary,1,90854,0.0007
object:*,45,90695,0.0006
air_conditioning,1,89493,0.0006
drinking_water,1,89477,0.0006
historic:*,88,87981,0.0006
description:*,250,86413,0.0006
clothes,1,85940,0.0006
building,1,85385,0.0006
delivery,1,84946,0.0006
memorial:*,70,83199,0.0006
female,1,81900,0.0006
government,1,80925,0.0006
shelter,1,80168,0.0006
capacity:*,260,75953,0.0005
social_facility,1,71506,0.0005
motorcar,1,70784,0.0005
url,1,70446,0.0005
subject:*,90,70391,0.0005
map_type,1,70381,0.0005
map_size,1,68570,0.0005
unisex,1,68414,0.0005
self_service,1,67642,0.0005
old_name,1,66472,0.0005
royal_cypher,1,65813,0.0005
parcel_mail_in,1,65490,0.0005
alt_name:*,182,65162,0.0005
layer,1,62257,0.0004
parcel_pickup,1,61225,0.0004
height,1,60789,0.0004
bin,1,60147,0.0004
school:*,71,57699,0.0004
panoramax,1,54079,0.0004
changing_table,1,53448,0.0004
operational_status,1,52040,0.0004
public_transport,1,51416,0.0004
beauty,1,49812,0.0004
mobile,1,49286,0.0004
cash_in,1,48546,0.0003
royal_cypher:*,3,48359,0.0003
education,1,47696,0.0003
tumulus,1,46510,0.0003
drink:*,360,45616,0.0003
gbfs:*,3,45364,0.0003
product,1,44651,0.0003
language:*,231,44452,0.0003
bicycle_rental,1,43741,0.0003
reservation,1,41405,0.0003
supervised,1,41366,0.0003
fountain,1,41259,0.0003
entrance,1,41033,0.0003
wheelchair:*,63,39583,0.0003
seamark:*,241,39366,0.0003
person:*,16,39322,0.0003
lockable,1,38695,0.0003
int_name,1,38537,0.0003
education:*,155,37493,0.0003
heritage:*,47,37199,0.0003
second_hand,1,36902,0.0003
heritage,1,36804,0.0003
social_facility:*,17,36210,0.0003
website:*,209,35644,0.0003
industrial,1,34499,0.0002
natural,1,33977,0.0002
flour_fortified,1,33292,0.0002
fvst:*,12,33028,0.0002
bottle,1,32990,0.0002
place,1,32291,0.0002
official_name:*,129,31980,0.0002
maxheight,1,30913,0.0002
colour:*,20,30755,0.0002
parking:*,96,30667,0.0002
compressed_air,1,30057,0.0002
highway,1,30000,0.0002
bus,1,29736,0.0002
rooms,1,29709,0.0002
owner,1,29327,0.0002
stars,1,28294,0.0002
building:*,81,28049,0.0002
mtb,1,27570,0.0002
guidepost,1,27310,0.0002
facebook,1,27238,0.0002
ssr:*,6,27050,0.0002
manufacturer,1,27049,0.0002
display,1,26642,0.0002
tents,1,26318,0.0002
destination,1,25972,0.0002
seasonal,1,25957,0.0002
SEP:*,1,24874,0.0002
is_in:*,94,24507,0.0002
post_office:*,61,24484,0.0002
organic,1,23816,0.0002
postal_code,1,23599,0.0002
disused:*,420,23588,0.0002
board:*,59,23404,0.0002
emergency,1,23234,0.0002
boundary_name:*,6,23153,0.0002
backcountry,1,22930,0.0002
phone:*,235,22929,0.0002
pump,1,22683,0.0002
charge,1,22500,0.0002
entrance:*,21,22382,0.0002
ferry,1,22329,0.0002
caravans,1,21902,0.0002
direction_north,1,21877,0.0002
direction_south,1,21632,0.0002
was:*,402,21372,0.0002
direction_east,1,21141,0.0002
power_supply,1,21076,0.0002
direction_west,1,20929,0.0001
watsan:*,64,20655,0.0001
short_name:*,89,20548,0.0001
hunting_stand,1,20461,0.0001
bar,1,20111,0.0001
fireplace,1,19858,0.0001
post_office,1,19845,0.0001
artist:*,18,19438,0.0001
ruins,1,19352,0.0001
min_age,1,19032,0.0001
fitness_station,1,18318,0.0001
military,1,18207,0.0001
format,1,18093,0.0001
hgv,1,17950,0.0001
hide,1,17765,0.0001
booth,1,17670,0.0001
public_bookcase:*,5,17578,0.0001
direction_northeast,1,17320,0.0001
direction_southwest,1,17173,0.0001
created_by,1,17056,0.0001
brewery,1,16977,0.0001
direction_northwest,1,16836,0.0001
direction_southeast,1,16722,0.0001
rental,1,16707,0.0001
community_centre,1,16692,0.0001
automated,1,16605,0.0001
visibility,1,16481,0.0001
not:*,115,16386,0.0001
fuel,1,16333,0.0001
guest_house,1,15747,0.0001
model,1,15731,0.0001
maxstay,1,15649,0.0001
designation,1,15312,0.0001
project:*,34,15000,0.0001
service,1,13856,0.0001
health_facility:*,24,13813,0.0001
date,1,13317,0.0001
drinking_water:*,32,13244,0.0001
motorcycle,1,13114,0.0001
type,1,12911,0.0001
barrier,1,12844,0.0001
townhall:*,3,12471,0.0001
dog,1,12377,0.0001
country,1,12323,0.0001
megalith_type,1,12080,0.0001
attraction,1,12010,0.0001
noname,1,11964,0.0001
ladder,1,11655,0.0001
trade,1,11549,0.0001
restaurant,1,11368,0.0001
IPP:*,16,11260,0.0001
nat_ref,1,11184,0.0001
thc:*,2,11073,0.0001
ownership,1,11061,0.0001
grades,1,10942,0.0001
smoothness,1,10934,0.0001
diplomatic,1,10931,0.0001
hairdresser,1,10922,0.0001
stroller,1,10675,0.0001
tomb,1,10513,0.0001
museum,1,10380,0.0001
faces,1,10261,0.0001
nohousenumber,1,10240,0.0001
type:*,14,10186,0.0001
GNS:*,16,10003,0.0001
attribution,1,9998,0.0001
bunker_type,1,9979,0.0001
max_age,1,9794,0.0001
destination:*,73,9584,0.0001
distance,1,9570,0.0001
seats:*,19,9429,0.0001
target,1,9315,0.0001
artwork_subject,1,9285,0.0001
is_in,1,9279,0.0001
statue,1,9178,0.0001
ski,1,9164,0.0001
beds,1,9026,0.0001
disused,1,8927,0.0001
fixme:*,87,8893,0.0001
parcel_locker:*,4,8833,0.0001
format:*,4,8785,0.0001
microbrewery,1,8760,0.0001
admin_level,1,8736,0.0001
service_times,1,8691,0.0001
surveillance,1,8687,0.0001
scooter,1,8650,0.0001
boundary,1,8552,0.0001
nysgissam:*,4,8496,0.0001
horse,1,8465,0.0001
shower,1,8427,0.0001
cash_out,1,8398,0.0001
informal,1,8344,0.0001
openfire,1,8273,0.0001
food,1,8264,0.0001
image:*,59,8225,0.0001
studio,1,8216,0.0001
material:*,27,8056,0.0001
fast_food,1,7926,0.0001
hot_water,1,7899,0.0001
orientation,1,7895,0.0001
loc_name,1,7895,0.0001
cemetery,1,7782,0.0001
cash_withdrawal:*,11,7751,0.0001
osmc:*,2,7705,0.0001
dance:*,3,7656,0.0001
marker,1,7560,0.0001
guide_type,1,7456,0.0001
picnic_table,1,7427,0.0001
park_ride,1,7415,0.0001
bike_ride,1,7355,0.0001
portable,1,7343,0.0001
dump:*,1,7334,0.0001
width,1,7278,0.0001
female:*,3,7122,0.0001
male:*,4,7121,0.0001
bic,1,7049,0.0001
flood_prone,1,7027,0.0001
feeding:*,4,6998,0.0001
roof:*,18,6921,0.0
facility:*,73,6831,0.0
level:*,6,6829,0.0
sanitary_dump_station:*,22,6790,0.0
frequency,1,6779,0.0
health_specialty:*,198,6777,0.0
playground,1,6732,0.0
mhs:*,3,6718,0.0
charging_station:*,22,6700,0.0
insurance:*,33,6659,0.0
war_memorial,1,6651,0.0
tower:*,14,6600,0.0
raised,1,6456,0.0
two_sided,1,6210,0.0
laundry_service,1,6165,0.0
embassy,1,6095,0.0
foot,1,6089,0.0
highchair,1,6085,0.0
disabled,1,6056,0.0
length,1,6054,0.0
fortification_type,1,6012,0.0
condition,1,5823,0.0
inscription:*,202,5757,0.0
model:*,23,5721,0.0
changing_table:*,20,5649,0.0
repair,1,5647,0.0
club,1,5645,0.0
sanitary_dump_station,1,5639,0.0
guidepost:*,15,5612,0.0
motorcycle:*,35,5543,0.0
castle_type,1,5530,0.0
atm:*,24,5521,0.0
abandoned,1,5501,0.0
paho:*,13,5484,0.0
camp_pitch:*,7,5468,0.0
collection_plate,1,5458,0.0
branch:*,59,5430,0.0
refrigerated,1,5408,0.0
tobacco,1,5395,0.0
position,1,5220,0.0
water_point,1,5198,0.0
door,1,5178,0.0
vending_machine,1,5041,0.0
ele:*,48,5012,0.0
comment,1,4946,0.0
panoramax:*,58,4902,0.0
openplaques:*,1,4891,0.0
author,1,4868,0.0
voltage,1,4822,0.0
loc_ref,1,4801,0.0
construction_date,1,4753,0.0
fid,1,4732,0.0
instagram,1,4727,0.0
at_bev:*,2,4672,0.0
address,1,4619,0.0
damage,1,4618,0.0
water_source,1,4589,0.0
staff_count:*,6,4554,0.0
playground:*,72,4521,0.0
zone,1,4482,0.0
camp_site,1,4475,0.0
school,1,4443,0.0
app_operated,1,4420,0.0
bench:*,23,4408,0.0
amperage,1,4401,0.0
resource,1,4374,0.0
full_name,1,4366,0.0
locked,1,4297,0.0
medical_system:*,11,4296,0.0
waterway,1,4293,0.0
old_name:*,501,4278,0.0
cargo,1,4271,0.0
listed_status,1,4265,0.0
community_centre:*,4,4255,0.0
generator:*,18,4249,0.0
speech_output,1,4223,0.0
naptan:*,26,4211,0.0
cycle_network,1,4187,0.0
species:*,39,4141,0.0
access:*,78,4138,0.0
company,1,4133,0.0
count,1,4097,0.0
preschool,1,4090,0.0
owner:*,39,4029,0.0
drought_prone,1,4022,0.0
status,1,4021,0.0
leaf_type,1,4010,0.0
traffic_sign,1,3979,0.0
wholesale,1,3823,0.0
operational_status_quality,1,3812,0.0
static_caravans,1,3805,0.0
mineral,1,3801,0.0
telegram,1,3798,0.0
electricity,1,3785,0.0
polling_station,1,3782,0.0
motor_vehicle,1,3766,0.0
IJSN:*,6,3756,0.0
manufacturer:*,22,3737,0.0
mml:*,2,3716,0.0
place_of_worship,1,3704,0.0
subject,1,3701,0.0
climbing:*,62,3686,0.0
millennium:*,4,3669,0.0
landuse,1,3668,0.0
pump:*,10,3634,0.0
sides,1,3630,0.0
consulate,1,3616,0.0
route_marker,1,3593,0.0
cargo_bike,1,3592,0.0
place:*,26,3568,0.0
motorhome,1,3563,0.0
operator_type,1,3546,0.0
permanent_camping,1,3500,0.0
arivac:*,3,3491,0.0
delivery:*,62,3484,0.0
old_ref,1,3484,0.0
cash_withdrawal,1,3478,0.0
emergency:*,32,3465,0.0
OGD-Stmk:*,2,3427,0.0
garden:*,3,3418,0.0
cityracks.street,1,3408,0.0
cityracks.rackid,1,3408,0.0
cityracks.housenum,1,3407,0.0
cityracks.large,1,3406,0.0
cityracks.small,1,3406,0.0
population:*,10,3391,0.0
maxheight:*,14,3338,0.0
nrhp:*,3,3334,0.0
worship,1,3320,0.0
wifi,1,3283,0.0
cuisine:*,59,3277,0.0
direction_south:*,24,3259,0.0
year,1,3242,0.0
loading_dock,1,3238,0.0
screen,1,3223,0.0
theatre:*,6,3217,0.0
cafe,1,3208,0.0
operational_status:*,4,3184,0.0
local_ref,1,3175,0.0
impromptu,1,3162,0.0
blind,1,3132,0.0
unsigned_ref,1,3130,0.0
shop:*,250,3128,0.0
tickets:*,38,3109,0.0
bath:*,9,3102,0.0
direction_north:*,23,3095,0.0
route_ref,1,3090,0.0
cash_out:*,3,3040,0.0
books,1,3040,0.0
gambling,1,3040,0.0
moved,1,3032,0.0
cash_in:*,5,3030,0.0
breakfast,1,3021,0.0
waste_basket:*,11,3010,0.0
money_transfer,1,3005,0.0
hoops,1,3005,0.0
direction_east:*,26,2995,0.0
source_date,1,2988,0.0
manufacture_date,1,2983,0.0
hgv:*,9,2962,0.0
training,1,2956,0.0
snowmobile,1,2954,0.0
insurance,1,2948,0.0
sector:*,5,2944,0.0
symbol,1,2940,0.0
lottery,1,2939,0.0
direction_northeast:*,24,2936,0.0
information:*,31,2933,0.0
direction_west:*,30,2932,0.0
lgbtq,1,2914,0.0
diameter,1,2883,0.0
lcn,1,2867,0.0
boundary_name,1,2862,0.0
shape,1,2858,0.0
car_wash,1,2858,0.0
direction_southwest:*,20,2853,0.0
abandoned:*,107,2851,0.0
direction_northwest:*,23,2843,0.0
wreck:*,31,2828,0.0
police:*,6,2820,0.0
display_operated,1,2812,0.0
FIXME,1,2811,0.0
direction_southeast:*,25,2808,0.0
kids_area,1,2804,0.0
leaf_cycle,1,2772,0.0
power,1,2771,0.0
water_supply,1,2754,0.0
number,1,2744,0.0
noexit,1,2736,0.0
Observation,1,2731,0.0
valves,1,2695,0.0
end_date,1,2695,0.0
url:*,130,2682,0.0
protection_title,1,2662,0.0
group_only,1,2646,0.0
scuba_diving:*,157,2635,0.0
fishing,1,2609,0.0
zone:*,10,2594,0.0
lastcheck,1,2585,0.0
truck,1,2574,0.0
milestone_type,1,2571,0.0
departures_board,1,2563,0.0
outdoor,1,2537,0.0
emergency_telephone_code,1,2534,0.0
advertising,1,2499,0.0
usage,1,2492,0.0
collection_times:*,25,2475,0.0
row,1,2462,0.0
sells:*,147,2446,0.0
maxlength,1,2435,0.0
small_electric_vehicle,1,2423,0.0
source_ref:*,16,2412,0.0
cold_water,1,2380,0.0
bulk_purchase,1,2364,0.0
origin,1,2342,0.0
roof,1,2336,0.0
LINZ:*,3,2329,0.0
passenger_information_display,1,2318,0.0
gender_segregated,1,2317,0.0
tactile_paving,1,2312,0.0
species,1,2296,0.0
cocktails,1,2291,0.0
number_of_apartments,1,2277,0.0
lunch,1,2275,0.0
produce,1,2270,0.0
parish:*,4,2261,0.0
grave,1,2248,0.0
pcode,1,2242,0.0
old_operator,1,2230,0.0
project,1,2227,0.0
sdot:*,2,2201,0.0
massage,1,2193,0.0
kids_area:*,14,2187,0.0
stone_type,1,2178,0.0
lawyer,1,2162,0.0
name_disaster,1,2154,0.0
denotation,1,2139,0.0
protected,1,2138,0.0
floor,1,2125,0.0
stamping_machine,1,2100,0.0
taxi_vehicle,1,2095,0.0
dnt:*,4,2089,0.0
shoes,1,2087,0.0
count:*,7,2086,0.0
street_vendor,1,2063,0.0
thermometer,1,2055,0.0
opening_date,1,2047,0.0
buried:*,3,2033,0.0
nobrand,1,2030,0.0
drive_in,1,2010,0.0
checkpoint,1,2009,0.0
dcgis:*,10,2009,0.0
strapline,1,2000,0.0
checkpoint:*,6,1993,0.0
water,1,1982,0.0
polling_station:*,32,1975,0.0
warm_water,1,1963,0.0
vehicle,1,1946,0.0
locality,1,1939,0.0
source_type_GPS,1,1928,0.0
amenity_1,1,1924,0.0
fire_hydrant:*,16,1920,0.0
canoe,1,1909,0.0
baby_feeding,1,1896,0.0
water:*,15,1894,0.0
amenity:*,122,1882,0.0
rwn:*,1,1862,0.0
caravan_site:*,2,1853,0.0
nid:*,3,1842,0.0
real_ale,1,1833,0.0
operational,1,1832,0.0
pitlatrine:*,1,1830,0.0
table,1,1821,0.0
agrarian,1,1812,0.0
architect,1,1805,0.0
caravan_site,1,1801,0.0
diocese,1,1784,0.0
source_type_survey,1,1782,0.0
church:*,3,1778,0.0
wikipedia:*,58,1774,0.0
pastry,1,1772,0.0
year_of_construction,1,1761,0.0
divipola,1,1759,0.0
fee:*,61,1753,0.0
heating,1,1750,0.0
surveillance:*,10,1747,0.0
consulting,1,1728,0.0
city,1,1721,0.0
private,1,1719,0.0
kitchen,1,1714,0.0
cyclestreets_id,1,1704,0.0
medical_service:*,36,1671,0.0
electronics_repair,1,1667,0.0
mobile_phone:*,7,1659,0.0
takeaway:*,23,1653,0.0
MHK:*,5,1651,0.0
resort,1,1635,0.0
personnel:*,1,1625,0.0
utm,1,1625,0.0
fire_station:*,5,1608,0.0
cityracks.installed,1,1600,0.0
iced_water,1,1595,0.0
certifications,1,1592,0.0
luminous,1,1581,0.0
hazard:*,6,1575,0.0
survey_date,1,1565,0.0
nursery,1,1560,0.0
wetap:*,11,1550,0.0
butcher,1,1528,0.0
id:*,9,1524,0.0
railway,1,1514,0.0
last_checked,1,1508,0.0
id_origin,1,1507,0.0
parish,1,1504,0.0
license_classes,1,1503,0.0
bbq,1,1478,0.0
openbenches:*,1,1476,0.0
classification,1,1471,0.0
handwashing:*,5,1467,0.0
room,1,1461,0.0
contact_person,1,1457,0.0
pole:*,5,1438,0.0
lukr:*,2,1428,0.0
deanery,1,1428,0.0
copy_facility,1,1427,0.0
route_marker:*,16,1426,0.0
alcohol,1,1424,0.0
column:*,8,1419,0.0
designation:*,4,1414,0.0
computer:*,9,1408,0.0
trolley:*,16,1401,0.0
long_name,1,1401,0.0
sorting_name,1,1399,0.0
floor:*,3,1398,0.0
reusable_packaging:*,9,1393,0.0
defibrillator:*,12,1391,0.0
twitter,1,1390,0.0
precision,1,1386,0.0
depth,1,1375,0.0
osm_id,1,1359,0.0
blood:*,12,1355,0.0
district,1,1352,0.0
wood_provided,1,1350,0.0
zoo,1,1349,0.0
lamp_mount,1,1347,0.0
map,1,1344,0.0
genus,1,1340,0.0
certification,1,1338,0.0
animal_boarding,1,1327,0.0
education_form:*,3,1327,0.0
coin:*,2,1326,0.0
toilet:*,8,1323,0.0
aircraft:*,12,1317,0.0
sign,1,1315,0.0
sauna,1,1315,0.0
grade,1,1308,0.0
related:*,3,1308,0.0
legal,1,1297,0.0
gender,1,1292,0.0
live_music,1,1288,0.0
change_machine,1,1284,0.0
cinema:*,33,1276,0.0
sms,1,1275,0.0
removed:*,117,1269,0.0
users_men,1,1257,0.0
users_girl,1,1257,0.0
users_female,1,1257,0.0
users_boy,1,1257,0.0
users_PLWD,1,1257,0.0
food:*,319,1252,0.0
fair_trade,1,1242,0.0
size,1,1233,0.0
self_checkout,1,1225,0.0
education_system:*,7,1223,0.0
utm_coordinates,1,1213,0.0
mobility:*,1,1209,0.0
power_supply:*,15,1206,0.0
free_flying:*,20,1202,0.0
theme,1,1200,0.0
rcn,1,1199,0.0
diplomatic:*,28,1198,0.0
clothes:*,48,1196,0.0
oslokommune:*,6,1190,0.0
addr2:*,14,1181,0.0
monument,1,1178,0.0
Source,1,1178,0.0
membership,1,1175,0.0
noref,1,1171,0.0
street,1,1171,0.0
place_of_worship:*,6,1170,0.0
airside,1,1165,0.0
parts,1,1162,0.0
happy_hours,1,1161,0.0
police,1,1161,0.0
authorization,1,1160,0.0
waste_basket,1,1156,0.0
manometer,1,1156,0.0
survey_point:*,9,1153,0.0
association,1,1152,0.0
grate,1,1143,0.0
collection,1,1139,0.0
light:*,15,1134,0.0
dataset,1,1124,0.0
gns:*,61,1114,0.0
backup_generator,1,1113,0.0
payment,1,1107,0.0
power_source,1,1102,0.0
gender_access,1,1094,0.0
pet,1,1093,0.0
video,1,1091,0.0
boules,1,1089,0.0
animal,1,1085,0.0
politie:*,3,1082,0.0
electricity:*,5,1080,0.0
waste:*,8,1069,0.0
foot_traffic,1,1066,0.0
water_type,1,1064,0.0
running,1,1052,0.0
IBGE:*,2,1050,0.0
vacuum_cleaner,1,1033,0.0
ksrg,1,1029,0.0
old_addr:*,16,1020,0.0
hiv:*,3,1013,0.0
damage_status,1,1011,0.0
ref_name,1,1007,0.0
construction,1,1001,0.0
animal_breeding,1,999,0.0
harbour:*,38,996,0.0
shop_1,1,992,0.0
min_height,1,990,0.0
street:*,2,989,0.0
nrb_class,1,988,0.0
rcn_ref,1,984,0.0
cabins,1,981,0.0
manual,1,976,0.0
flickr,1,976,0.0
guidepost_shape,1,976,0.0
maxtents,1,975,0.0
content,1,969,0.0
ec:*,5,969,0.0
official_status,1,960,0.0
centralkey,1,960,0.0
barometer,1,952,0.0
reg_name,1,951,0.0
school_type,1,949,0.0
type_idn,1,941,0.0
faculty,1,940,0.0
who:*,3,939,0.0
atmotorway,1,938,0.0
message,1,931,0.0
hygrometer,1,929,0.0
temporary,1,928,0.0
accessibility,1,928,0.0
kerb,1,925,0.0
room_temperature_water,1,921,0.0
import_uuid,1,921,0.0
fire_rank,1,917,0.0
field,1,909,0.0
sensory_friendly:*,2,908,0.0
official_ref,1,906,0.0
reservation:*,13,905,0.0
education_profile:*,22,903,0.0
attached_to,1,901,0.0
land_property,1,900,0.0
last_check,1,897,0.0
cosmha,1,897,0.0
disability_access,1,893,0.0
animated,1,885,0.0
shade,1,883,0.0
lunch:*,38,882,0.0
ice_cream,1,881,0.0
source_type_imagery,1,880,0.0
button_operated,1,880,0.0
pets_allowed,1,880,0.0
lamp_type,1,878,0.0
wb_pb:*,1,871,0.0
camera:*,17,870,0.0
tidal,1,869,0.0
communication:*,53,866,0.0
nudism,1,864,0.0
weather_protection,1,863,0.0
intermittent,1,861,0.0
bicycle_parking:*,14,859,0.0
furniture,1,859,0.0
vaccination,1,858,0.0
image1,1,845,0.0
LAT,1,845,0.0
atm_ref,1,843,0.0
app:*,4,839,0.0
kindergarten:*,7,839,0.0
maxspeed,1,837,0.0
pets,1,832,0.0
District,1,830,0.0
mapillary:*,23,828,0.0
car:*,35,828,0.0
notes,1,826,0.0
animal_shelter,1,821,0.0
biergarten,1,821,0.0
LON,1,820,0.0
bed_count,1,820,0.0
media:*,5,818,0.0
denomination:*,14,817,0.0
LOCALIDAD,1,812,0.0
Block,1,810,0.0
pump_type,1,809,0.0
GPS_accuracy_meters,1,809,0.0
phone_1,1,808,0.0
viewpoint,1,807,0.0
ticket_validator,1,806,0.0
drink,1,806,0.0
nat_name,1,798,0.0
locomotive:*,6,797,0.0
wall:*,4,797,0.0
source_type_walking_paper,1,795,0.0
local,1,795,0.0
university,1,794,0.0
smoking:*,9,794,0.0
tiktok,1,790,0.0
ycoord,1,789,0.0
xcoord,1,789,0.0
restaurant:*,13,788,0.0
IOM:*,1,786,0.0
museum_type,1,784,0.0
evacuation_center,1,782,0.0
coffee,1,779,0.0
railway:*,66,777,0.0
harbour,1,776,0.0
fitness_station:*,79,775,0.0
source_1,1,773,0.0
after_school,1,770,0.0
operation,1,769,0.0
name_1,1,769,0.0
sleeping,1,769,0.0
SIRUTA:*,1,763,0.0
tourism_survey,1,761,0.0
use,1,760,0.0
ruin,1,757,0.0
codul_entității_muzeale,1,756,0.0
HE_ref,1,755,0.0
storage_area,1,751,0.0
OnroerendErfgoed:*,2,751,0.0
larochelle_id,1,750,0.0
school_district,1,749,0.0
sustrans_ref,1,747,0.0
geological,1,745,0.0
sector,1,741,0.0
collector,1,739,0.0
coffee:*,8,737,0.0
elevator,1,733,0.0
collection_plate:*,1,733,0.0
safety:*,10,729,0.0
maxweight,1,728,0.0
cannabis:*,8,726,0.0
ncn_milepost,1,725,0.0
education_level:*,4,714,0.0
building_status,1,712,0.0
wall,1,709,0.0
mattress,1,692,0.0
fac_pay,1,692,0.0
wpt_description,1,690,0.0
paving_stones:*,6,685,0.0
rwn_ref,1,684,0.0
medical_supply,1,682,0.0
fire_operator,1,680,0.0
demolished:*,68,678,0.0
barrier:*,10,677,0.0
pos,1,675,0.0
water_quality_issue,1,672,0.0
source_url,1,670,0.0
recycling,1,666,0.0
artist,1,666,0.0
pedagogy,1,665,0.0
sale,1,664,0.0
headframe,1,661,0.0
label_printer,1,657,0.0
bicycle:*,25,656,0.0
dinner,1,652,0.0
ski:*,15,649,0.0
Latitude,1,646,0.0
guid:*,1,645,0.0
design:*,4,645,0.0
water_tank:*,6,645,0.0
terrace,1,645,0.0
Longitude,1,644,0.0
lacounty:*,2,637,0.0
legal_type:*,1,637,0.0
infection:*,1,635,0.0
water_purification,1,628,0.0
provided_for:*,15,626,0.0
description1,1,624,0.0
genus:*,21,623,0.0
gas,1,623,0.0
addr,1,623,0.0
identifier,1,622,0.0
LINZ2OSM:*,3,621,0.0
internet,1,620,0.0
mooring,1,619,0.0
retreat:*,8,613,0.0
harassment_prevention,1,612,0.0
full_id,1,610,0.0
kneipp_water_cure:*,8,610,0.0
ice_rink:*,4,609,0.0
CLA_PRES,1,608,0.0
category,1,608,0.0
ward,1,607,0.0
lgbtq:*,12,606,0.0
health_service:*,10,606,0.0
survey_point,1,605,0.0
ebike,1,605,0.0
COD_HAB,1,605,0.0
machine:*,6,601,0.0
scout,1,600,0.0
isced,1,599,0.0
opening_days,1,599,0.0
ashtray,1,590,0.0
proposed:*,41,588,0.0
paypoint,1,586,0.0
old_shop,1,585,0.0
anime,1,583,0.0
student:*,1,578,0.0
full_name:*,25,578,0.0
washing_machine,1,576,0.0
cash:*,1,576,0.0
canoe_rental,1,575,0.0
lfd:*,1,575,0.0
social_centre:*,1,573,0.0
department,1,573,0.0
container:*,9,572,0.0
taluk,1,567,0.0
kayak_rental,1,566,0.0
noele,1,564,0.0
quantity,1,562,0.0
boat:*,17,561,0.0
artwork:*,43,560,0.0
summit:*,4,556,0.0
health_person:*,4,555,0.0
old_fhrs:*,3,554,0.0
monitoring:*,43,553,0.0
flood_date,1,547,0.0
medical_staff:*,12,547,0.0
trailer,1,546,0.0
charge:*,52,546,0.0
old_phone,1,546,0.0
start_date:*,48,544,0.0
zero_waste,1,544,0.0
users_elderly,1,541,0.0
pitch:*,13,541,0.0
crossing:*,12,541,0.0
canvec:*,6,541,0.0
on_carriageway,1,540,0.0
humanitarian_use,1,540,0.0
obstacle:*,5,539,0.0
disease:*,51,538,0.0
population,1,538,0.0
musical_instrument,1,532,0.0
cost,1,529,0.0
circumference,1,524,0.0
karaoke,1,524,0.0
website_1,1,522,0.0
artist_name:*,36,522,0.0
bank,1,521,0.0
step_count,1,518,0.0
structure,1,515,0.0
ramp:*,4,511,0.0
water_place_access,1,511,0.0
massgis:*,30,510,0.0
athletics,1,509,0.0
inline_skates,1,507,0.0
mobile_reception,1,506,0.0
unit,1,505,0.0
award:*,19,504,0.0
devices,1,504,0.0
climbing,1,501,0.0
pedalboat_rental,1,499,0.0
evacuation_centre,1,498,0.0
vending:*,67,498,0.0
large_vehicles,1,497,0.0
water_point:*,8,496,0.0
to,1,495,0.0
ticket_validator:*,3,494,0.0
school_code,1,494,0.0
lanes,1,494,0.0
maxstay:*,14,493,0.0
no:*,10,493,0.0
chair,1,491,0.0
message:*,3,490,0.0
permit,1,488,0.0
contact,1,488,0.0
license:*,3,487,0.0
reg_id,1,484,0.0
razed:*,43,484,0.0
blind:*,20,480,0.0
county,1,479,0.0
longitude,1,478,0.0
outdoor_seating:*,22,478,0.0
culture,1,477,0.0
latitude,1,477,0.0
goods_supply,1,475,0.0
alt_ref,1,473,0.0
oven,1,473,0.0
tfl_id,1,473,0.0
asset_ref,1,472,0.0
cigarette,1,470,0.0
public,1,469,0.0
water_place_durability,1,465,0.0
protect_class,1,465,0.0
brothel:*,23,464,0.0
bakehouse,1,462,0.0
trailer:*,8,461,0.0
course,1,460,0.0
fridge,1,457,0.0
dryer,1,453,0.0
truck_wash,1,453,0.0
tactile_writing:*,25,453,0.0
uic_ref,1,452,0.0
lcn_ref,1,448,0.0
ursea:*,1,448,0.0
ramp,1,446,0.0
pastry_shop,1,446,0.0
charity,1,446,0.0
kerb:*,4,442,0.0
UTM,1,442,0.0
description_1,1,441,0.0
tourism_1,1,441,0.0
bread:*,9,441,0.0
water_place:*,3,440,0.0
fix_guidepost,1,439,0.0
research,1,439,0.0
operator_name,1,435,0.0
piste:*,10,431,0.0
waste_disposal,1,430,0.0
kiosk,1,428,0.0
fire_object:*,1,426,0.0
image2,1,426,0.0
governance:*,25,424,0.0
kartaview,1,424,0.0
vehicle:*,12,424,0.0
guidepost_type,1,423,0.0
toll,1,422,0.0
practicability,1,422,0.0
architect:*,9,422,0.0
permanent,1,421,0.0
us.fo:*,6,420,0.0
provider,1,420,0.0
construction:*,40,417,0.0
uic_name,1,414,0.0
donation:*,8,411,0.0
youtube,1,410,0.0
etat,1,408,0.0
time,1,408,0.0
court,1,407,0.0
facility_t,1,406,0.0
xmas:*,14,405,0.0
taxon:*,30,405,0.0
lwn,1,403,0.0
tailor:*,9,402,0.0
monitored,1,400,0.0
animal_training,1,400,0.0
door:*,10,400,0.0
tap,1,398,0.0
region,1,397,0.0
school_sector,1,395,0.0
whitewater,1,395,0.0
music,1,391,0.0
uuid,1,390,0.0
alt_name_1,1,388,0.0
maxwidth,1,388,0.0
flood_mark,1,387,0.0
rental:*,16,387,0.0
lat,1,387,0.0
inep,1,384,0.0
handle,1,384,0.0
facility_manager,1,383,0.0
mountain_pass,1,382,0.0
ESTADO,1,381,0.0
cemetery:*,5,381,0.0
practicability:*,4,378,0.0
ipd,1,378,0.0
old_ref:*,16,378,0.0
Stobie1783,1,378,0.0
callable,1,377,0.0
Pont,1,376,0.0
wikimedia_commons:*,13,376,0.0
language,1,374,0.0
support:*,5,374,0.0
automatic_door,1,373,0.0
catering,1,373,0.0
community:*,21,373,0.0
exit,1,372,0.0
giant_furniture,1,371,0.0
taxon,1,371,0.0
snis_code:*,2,371,0.0
survey,1,371,0.0
underground,1,371,0.0
display:*,9,369,0.0
college,1,369,0.0
1860name,1,369,0.0
pump_mechanism,1,368,0.0
closing_time,1,366,0.0
cooperative:*,3,364,0.0
old_brand,1,362,0.0
lon,1,361,0.0
NIVSOCIO,1,361,0.0
sponsor,1,360,0.0
output,1,360,0.0
midnr:*,2,359,0.0
pay_amount,1,358,0.0
gns_ref,1,358,0.0
swimming_pool:*,3,358,0.0
gtfs:*,49,356,0.0
shoes:*,8,354,0.0
crane:*,6,353,0.0
cnpj,1,353,0.0
tank,1,352,0.0
snack,1,352,0.0
map:*,14,352,0.0
health_fac,1,351,0.0
personal_trainer,1,350,0.0
utility,1,350,0.0
veeohutuse_stend:*,2,349,0.0
barbecue_grill,1,348,0.0
old_website,1,348,0.0
taxi,1,347,0.0
dennert_fir_tree,1,347,0.0
staff_on_site,1,346,0.0
territory,1,346,0.0
cleaning_schedule,1,345,0.0
musical_instrument:*,12,345,0.0
expected_rcn_route_relations,1,344,0.0
hfac_type,1,342,0.0
traffic_sign:*,15,342,0.0
cover,1,342,0.0
carpenter,1,341,0.0
verified,1,340,0.0
carpool,1,339,0.0
tactile_writing,1,337,0.0
preset,1,337,0.0
water_tap,1,337,0.0
rent:*,3,336,0.0
camp_site:*,9,336,0.0
plaque,1,336,0.0
real_fire,1,336,0.0
speech_output:*,24,335,0.0
flag:*,6,332,0.0
nurses_num,1,332,0.0
refugee,1,332,0.0
mascot,1,332,0.0
wpt_symbol,1,331,0.0
socket,1,331,0.0
former_operator:*,2,330,0.0
mvdgis:*,2,328,0.0
trash,1,328,0.0
bollard,1,328,0.0
audio_loop,1,327,0.0
beer_garden,1,325,0.0
ref_name:*,2,325,0.0
junction,1,325,0.0
aerialway,1,325,0.0
NOM,1,325,0.0
baby,1,324,0.0
sidewalk_orientation,1,323,0.0
school_ht_fondamental_1er_et_2e_cycle,1,323,0.0
toilets_durability,1,322,0.0
dry_cleaning,1,321,0.0
fence_type,1,321,0.0
temperature,1,320,0.0
price,1,319,0.0
lid:*,1,318,0.0
bubbleid,1,317,0.0
accommodation,1,317,0.0
whc:*,4,316,0.0
markings,1,315,0.0
facing,1,311,0.0
toilets_access,1,311,0.0
volume,1,310,0.0
checked_exists:*,1,309,0.0
library,1,309,0.0
moped,1,308,0.0
device_charging:*,2,308,0.0
check:*,2,308,0.0
operator_status,1,307,0.0
raä:*,3,307,0.0
full_service,1,306,0.0
hearing_loop,1,306,0.0
id,1,306,0.0
exhibit,1,305,0.0
bicycle_lock,1,305,0.0
timestamp,1,305,0.0
newspaper_tubes,1,304,0.0
supervisor,1,304,0.0
camp_type,1,303,0.0
lying_down,1,303,0.0
sleeping_hindrance,1,301,0.0
toilet,1,301,0.0
idrettsanleggregisteret:*,1,301,0.0
TMC:*,6,301,0.0
building_use,1,301,0.0
hh_served,1,300,0.0
education_for:*,5,300,0.0
jml:*,1,300,0.0
letter_box:*,7,299,0.0
symbol:*,6,299,0.0
divvy:*,1,299,0.0
old_amenity,1,298,0.0
festival,1,296,0.0
futur_use,1,295,0.0
closed,1,295,0.0
CODE,1,294,0.0
ruins:*,23,294,0.0
taxi:*,17,293,0.0
technique,1,293,0.0
depth:*,10,292,0.0
thematic,1,292,0.0
tenant,1,291,0.0
village,1,291,0.0
lit_operational,1,290,0.0
boat,1,290,0.0
fitting_room,1,289,0.0
shop_id,1,289,0.0
boundary_admin_level2_name,1,286,0.0
source_version,1,286,0.0
produced_on_site,1,286,0.0
crossing,1,285,0.0
lawyer:*,28,285,0.0
train,1,284,0.0
elevation,1,283,0.0
boundary_admin_level3_name,1,283,0.0
garden,1,281,0.0
sac_id,1,281,0.0
brewery:*,32,281,0.0
attraction:*,6,280,0.0
caravan,1,280,0.0
showcase:*,4,278,0.0
media,1,276,0.0
kml_folder,1,275,0.0
passenger_information_display:*,1,274,0.0
prac,1,273,0.0
bureau_de_change,1,272,0.0
cooperative,1,272,0.0
opendata:*,2,272,0.0
ngbe:*,2,272,0.0
services,1,271,0.0
class_blocks_num,1,270,0.0
prepayment:*,9,270,0.0
øx:*,1,269,0.0
proposed,1,268,0.0
sponsor:*,1,268,0.0
trolleybus,1,267,0.0
APBP_recommended,1,265,0.0
2008_use,1,264,0.0
toilets_technology,1,264,0.0
old_name_1,1,263,0.0
urgent_care,1,263,0.0
ceremonial_gate,1,262,0.0
DER:*,2,262,0.0
stateofrepair,1,262,0.0
staff_count,1,262,0.0
koes_id,1,261,0.0
jurisdiction,1,261,0.0
standup_paddleboard_rental,1,260,0.0
surrey:*,2,260,0.0
observation,1,259,0.0
properly_installed,1,259,0.0
health_service_nutrition,1,258,0.0
health_amenity:*,1,258,0.0
television,1,258,0.0
supermarket,1,257,0.0
parent,1,257,0.0
bcc_ref,1,256,0.0
newsagent,1,256,0.0
stele_type,1,255,0.0
hazard_intensity,1,255,0.0
administrative,1,255,0.0
ruined,1,254,0.0
since,1,254,0.0
2010_use,1,252,0.0
bettundbike,1,252,0.0
laundry,1,251,0.0
infrastructure_type,1,251,0.0
deaf:*,14,250,0.0
code,1,250,0.0
area,1,250,0.0
pressure,1,250,0.0
medical_system,1,249,0.0
map_source,1,249,0.0
text1,1,249,0.0
charging_station,1,249,0.0
animal_shelter:*,7,249,0.0
aeroway,1,248,0.0
manhole,1,246,0.0
damage:*,6,246,0.0
update,1,245,0.0
duty_free,1,245,0.0
water_characteristic,1,245,0.0
doctors_num,1,245,0.0
floodable,1,245,0.0
altitude,1,244,0.0
2009_use,1,243,0.0
sewer,1,243,0.0
stove,1,242,0.0
beverage,1,242,0.0
drive_through:*,6,241,0.0
smokefree,1,241,0.0
lighting,1,241,0.0
hfac_bed,1,241,0.0
import_ref,1,240,0.0
ph,1,240,0.0
shooting,1,239,0.0
ims:*,3,239,0.0
accuracy,1,238,0.0
member_of,1,238,0.0
hydrant:*,5,238,0.0
mail:*,14,237,0.0
loc_name:*,48,237,0.0
phone2,1,237,0.0
conductivity,1,237,0.0
cbo:*,34,236,0.0
sagns_id,1,236,0.0
collection_times_checked,1,235,0.0
landmark,1,233,0.0
ft_link,1,233,0.0
bakery,1,232,0.0
school_ht_prescolaire,1,232,0.0
hazard,1,232,0.0
logo,1,231,0.0
comment:*,14,231,0.0
memorial_plaque:*,1,230,0.0
dock:*,4,230,0.0
protected_area,1,230,0.0
nature,1,229,0.0
snowshoe,1,229,0.0
boundary_admin_level1_name,1,229,0.0
flooded,1,228,0.0
vacant,1,228,0.0
monitored_by,1,227,0.0
balcony,1,227,0.0
sym,1,226,0.0
BLfD:*,2,226,0.0
wayside_shrine,1,226,0.0
pt:*,1,225,0.0
historic_operator,1,225,0.0
mobile:*,6,222,0.0
AUTORIZATIE,1,222,0.0
tree_stand,1,222,0.0
government_registered,1,221,0.0
community,1,221,0.0
distillery,1,220,0.0
telecom,1,220,0.0
long_name:*,20,219,0.0
motorboat_rental,1,219,0.0
light_source,1,218,0.0
car_repair,1,217,0.0
children,1,217,0.0
small_electric_vehicle_parking,1,217,0.0
kerosene,1,216,0.0
vacuum_cleaner:*,4,215,0.0
turbidity,1,215,0.0
retreat,1,214,0.0
indoor:*,3,214,0.0
computer_room,1,214,0.0
ntnu:*,3,214,0.0
tank_outlet:*,1,214,0.0
rice_noodle,1,213,0.0
lifeboat,1,213,0.0
stamps,1,213,0.0
court_area,1,212,0.0
english_menu,1,212,0.0
waterbody:*,1,211,0.0
ticket,1,211,0.0
BARRIO,1,210,0.0
lda:*,3,210,0.0
DIRTRAD,1,210,0.0
on_the_list:*,2,209,0.0
measurements,1,209,0.0
COMUNA,1,209,0.0
tree,1,208,0.0
short_protection_title,1,207,0.0
MANZANA,1,206,0.0
compressed_air:*,11,205,0.0
reuse:*,6,205,0.0
cave:*,15,204,0.0
drinkable,1,204,0.0
waterpoint:*,2,204,0.0
fraternity:*,5,203,0.0
authority,1,203,0.0
lottery:*,10,202,0.0
billiards:*,13,202,0.0
device_charging,1,201,0.0
incenerator,1,201,0.0
adit_type,1,201,0.0
staff_houses,1,200,0.0
share_taxi,1,200,0.0
erected_by,1,199,0.0
motorcycle_parking,1,199,0.0
music_genre,1,199,0.0
commemorates:*,3,199,0.0
initiative:*,3,198,0.0
provisions,1,198,0.0
workshop,1,198,0.0
school_license,1,198,0.0
trailblazed,1,198,0.0
waste_disposal:*,9,196,0.0
road,1,195,0.0
lifeboat:*,2,195,0.0
protection_title:*,7,195,0.0
marketplace:*,6,194,0.0
old_alt_name:*,6,194,0.0
disabled_spaces,1,193,0.0
fishing_nets:*,1,193,0.0
note_1,1,193,0.0
handwashing_station,1,193,0.0
stands,1,193,0.0
water_taps,1,192,0.0
high_water:*,2,192,0.0
information_type,1,192,0.0
benchmark,1,192,0.0
function,1,191,0.0
goods,1,189,0.0
company:*,8,189,0.0
EE:*,4,188,0.0
linncounty:*,1,188,0.0
stele,1,187,0.0
seating,1,187,0.0
clinic,1,186,0.0
cheque_in,1,185,0.0
kitchen_equiped,1,185,0.0
GlobalID,1,185,0.0
pub,1,185,0.0
location:*,15,183,0.0
security:*,13,183,0.0
illegal,1,183,0.0
old:*,27,183,0.0
equipment,1,183,0.0
defensive_works,1,182,0.0
sex,1,182,0.0
bdc:*,1,182,0.0
clothes_dryer:*,2,182,0.0
street_cabinet,1,182,0.0
school_ht_fondamental_3e_cycle_et_Secondaire,1,181,0.0
site_status,1,180,0.0
stone,1,180,0.0
shop_2,1,180,0.0
mineshaft_type,1,179,0.0
image3,1,179,0.0
moph_code,1,179,0.0
charge_zone,1,179,0.0
salt,1,179,0.0
chocolate,1,178,0.0
sample_collection,1,178,0.0
bldam:*,2,177,0.0
program_aquatab,1,177,0.0
tree_location:*,2,176,0.0
rehabilitation_need,1,176,0.0
station,1,176,0.0
gid,1,175,0.0
child,1,175,0.0
volcano:*,3,174,0.0
text2,1,174,0.0
speciality,1,174,0.0
CLA_PERS,1,174,0.0
room:*,7,174,0.0
aerospace:*,5,173,0.0
EMP_EST,1,173,0.0
generator,1,173,0.0
NO,1,173,0.0
laboratory,1,172,0.0
customers,1,172,0.0
water_condition,1,171,0.0
route,1,171,0.0
tap_status,1,171,0.0
all_you_can_eat,1,171,0.0
locker,1,171,0.0
dish,1,170,0.0
access_point,1,170,0.0
beer,1,169,0.0
appliance,1,168,0.0
sleepable:*,1,168,0.0
obelisk:*,10,168,0.0
clt:*,4,168,0.0
clothes_dryer,1,167,0.0
fix_guidepost:*,3,167,0.0
letter_filter,1,167,0.0
water_well,1,167,0.0
Source_ref,1,166,0.0
craft_beer,1,166,0.0
fan,1,166,0.0
organic:*,4,166,0.0
sign_type,1,166,0.0
sculpture_type,1,165,0.0
jukebox:*,3,165,0.0
business,1,165,0.0
address:*,1,165,0.0
redwood_city_ca:*,2,165,0.0
virtual_reality,1,164,0.0
identity,1,164,0.0
hackerspace,1,163,0.0
tourist_bus,1,163,0.0
abbr_name,1,162,0.0
store_name,1,162,0.0
pe:*,5,162,0.0
related_law,1,161,0.0
engineering,1,161,0.0
piercing,1,160,0.0
no,1,160,0.0
pedestal:*,19,160,0.0
atv:*,9,159,0.0
noref:*,5,159,0.0
tipo,1,158,0.0
nuclear_explosion:*,18,158,0.0
statue:*,19,158,0.0
incline,1,158,0.0
composting,1,158,0.0
provides,1,157,0.0
bike_friend,1,156,0.0
garmin:*,1,156,0.0
battery_swap,1,155,0.0
social_centre,1,155,0.0
hunting,1,155,0.0
email:*,51,154,0.0
repeat_on,1,154,0.0
apartment,1,154,0.0
old_start_date,1,154,0.0
waste_disposal_point,1,153,0.0
borehole,1,153,0.0
turnstile,1,153,0.0
affiliation,1,153,0.0
check_in,1,152,0.0
webshop,1,152,0.0
watering_place,1,152,0.0
closed:*,19,152,0.0
prepaid_top_up:*,5,152,0.0
FIELD1,1,151,0.0
facility_name,1,151,0.0
dhis2_id,1,151,0.0
official,1,151,0.0
pitlatrine,1,150,0.0
sells,1,150,0.0
editor,1,150,0.0
change_area,1,150,0.0
gauge,1,149,0.0
family_planning:*,5,149,0.0
weight,1,149,0.0
pmfsefin:*,1,149,0.0
lastcheck:*,7,149,0.0
protection,1,148,0.0
veterinary,1,148,0.0
time:*,4,148,0.0
healthcare_facility:*,2,147,0.0
categories,1,147,0.0
epigraph,1,147,0.0
seconds,1,147,0.0
stem_facilities,1,146,0.0
waterway:*,7,146,0.0
groundanchor,1,146,0.0
gift,1,145,0.0
transiscope,1,145,0.0
fetish:*,22,145,0.0
wedding_reception,1,144,0.0
traffic_calming,1,144,0.0
cycling,1,144,0.0
whitewater:*,4,143,0.0
demolished,1,142,0.0
camping,1,142,0.0
old_brand:*,11,142,0.0
barbeque_grill,1,141,0.0
castle_type:*,4,141,0.0
parliamentary_constituency,1,141,0.0
levels,1,140,0.0
safety_inspection,1,140,0.0
capacity_individuals,1,140,0.0
crop,1,140,0.0
official_status:*,3,140,0.0
distance:*,24,140,0.0
fenced,1,139,0.0
water_access,1,139,0.0
number_building,1,139,0.0
walk-in,1,139,0.0
opening_day,1,139,0.0
line_network_map_display_case,1,139,0.0
government:*,12,138,0.0
state,1,138,0.0
sculpture,1,138,0.0
pc:*,1,138,0.0
sculptor,1,138,0.0
y_coord,1,137,0.0
x_coord,1,137,0.0
height:*,8,137,0.0
iso3,1,137,0.0
milk,1,136,0.0
net,1,136,0.0
sensor,1,136,0.0
open_air,1,136,0.0
located_in,1,136,0.0
political_party,1,136,0.0
money_transfer:*,4,135,0.0
car_sharing,1,135,0.0
diesel,1,135,0.0
previously,1,134,0.0
check_out,1,134,0.0
spa,1,134,0.0
tram,1,134,0.0
lift_gate:*,1,134,0.0
liaison,1,134,0.0
rwn,1,134,0.0
lines,1,134,0.0
wine:*,6,133,0.0
bridge,1,133,0.0
prominence,1,133,0.0
anime:*,8,133,0.0
cap:*,1,133,0.0
phases,1,133,0.0
furniture:*,4,133,0.0
qr_code,1,133,0.0
animal_hitch,1,132,0.0
store_ref,1,132,0.0
nivel,1,132,0.0
statecode,1,132,0.0
personal_service:*,10,132,0.0
health_facility_type,1,132,0.0
schools:*,3,132,0.0
route:*,5,131,0.0
beacon:*,5,131,0.0
appointment,1,131,0.0
old_name_2,1,131,0.0
free,1,130,0.0
business_s,1,130,0.0
business_t,1,130,0.0
nivel_tipo,1,130,0.0
golf,1,130,0.0
alternative,1,130,0.0
gps,1,129,0.0
hospital:*,4,129,0.0
kindergarten,1,129,0.0
dish_washing,1,129,0.0
turno,1,129,0.0
traditional_num,1,129,0.0
importance,1,129,0.0
tunnel,1,129,0.0
display_type,1,129,0.0
microwave,1,129,0.0
mining_memorial,1,128,0.0
object_id,1,128,0.0
OBSERV,1,128,0.0
description2,1,128,0.0
metal,1,128,0.0
health:*,33,127,0.0
date_checked,1,127,0.0
hardness,1,126,0.0
constituency,1,126,0.0
counselling_type,1,126,0.0
mofa,1,125,0.0
booth:*,4,125,0.0
MDG:*,3,125,0.0
neighbourhood,1,124,0.0
gns_classification,1,124,0.0
building_concrete,1,124,0.0
map_source:*,1,124,0.0
showcase,1,124,0.0
sub_district,1,124,0.0
heading:*,8,124,0.0
nature_of_facility,1,124,0.0
it:*,11,123,0.0
projet:*,4,123,0.0
public_transport:*,7,123,0.0
disc_golf,1,123,0.0
hotel,1,123,0.0
amenity_2,1,123,0.0
al_fresco,1,123,0.0
topic,1,123,0.0
name_2,1,122,0.0
religion:*,9,122,0.0
education_programme:*,21,122,0.0
double,1,122,0.0
big_rigs,1,121,0.0
landfill:*,1,121,0.0
tank:*,5,121,0.0
rating,1,121,0.0
car_parts,1,120,0.0
fixing_phase,1,120,0.0
remark,1,120,0.0
period,1,120,0.0
agritourism,1,120,0.0
metcouncil:*,18,120,0.0
showroom,1,120,0.0
refitted,1,119,0.0
extrude,1,119,0.0
indoormark,1,119,0.0
toilet_bad,1,119,0.0
seasonal:*,13,118,0.0
rooms:*,13,118,0.0
veterinary:*,17,118,0.0
tessellate,1,118,0.0
contributor:*,1,118,0.0
destroyed:*,26,118,0.0
motorcycle_friendly,1,118,0.0
discount:*,3,117,0.0
warehouse_unit,1,117,0.0
pharmacy:*,2,117,0.0
gns_uni,1,117,0.0
label,1,117,0.0
fire,1,117,0.0
source2,1,116,0.0
status:*,2,116,0.0
proprietor,1,116,0.0
real_cider,1,116,0.0
rwetempcharging_station:*,1,116,0.0
ortenau_bunkermap,1,116,0.0
vhf,1,115,0.0
gulskogen:*,1,115,0.0
floating,1,115,0.0
view,1,115,0.0
key,1,115,0.0
plaque:*,11,115,0.0
nordic_walking,1,114,0.0
orienteering,1,114,0.0
shower:*,12,114,0.0
odbl,1,114,0.0
photo,1,113,0.0
gtfs_id,1,113,0.0
alt_website,1,113,0.0
gender_type,1,113,0.0
alt_phone,1,113,0.0
damage_description,1,113,0.0
gluten_free,1,112,0.0
inventory:*,4,112,0.0
lifeguard,1,112,0.0
laboratory:*,3,112,0.0
brunch,1,111,0.0
education_profile,1,111,0.0
shelters,1,111,0.0
coopi_name_surveyor,1,111,0.0
telecommunication,1,111,0.0
breakfast:*,5,111,0.0
cost:*,2,111,0.0
kick_scooter,1,111,0.0
site,1,111,0.0
maintainer,1,110,0.0
damage_date,1,110,0.0
doctors,1,110,0.0
sport:*,40,110,0.0
founder:*,2,109,0.0
dinghy_rental,1,109,0.0
oneway,1,109,0.0
braille,1,109,0.0
damage_percent,1,109,0.0
toys:*,9,108,0.0
parcel_locker,1,108,0.0
facility_use,1,108,0.0
electronics:*,13,108,0.0
TDX:*,1,107,0.0
quarry,1,107,0.0
localwiki,1,107,0.0
bridge:*,6,106,0.0
leisure_1,1,106,0.0
highwater_mark:*,1,106,0.0
andymkg,1,105,0.0
payment_centre,1,105,0.0
season,1,105,0.0
age,1,105,0.0
interaction,1,105,0.0
slipway:*,3,105,0.0
jpoi_id,1,105,0.0
undefined,1,105,0.0
mine,1,105,0.0
blz,1,104,0.0
office:*,42,104,0.0
model_railway:*,12,104,0.0
age_group,1,104,0.0
email_1,1,103,0.0
thw:*,3,103,0.0
cargo:*,11,103,0.0
AUCAME:*,7,103,0.0
sauna:*,14,103,0.0
mndnr:*,1,103,0.0
disc_golf:*,8,103,0.0
board_no,1,102,0.0
contributor,1,102,0.0
reception_desk:*,1,102,0.0
advertising:*,20,102,0.0
waycolor,1,102,0.0
bear_box,1,102,0.0
noi,1,102,0.0
sanitary_dumpstation,1,102,0.0
firepit,1,101,0.0
elevator:*,9,101,0.0
ship:*,6,101,0.0
halal,1,101,0.0
callsign,1,101,0.0
snowboard:*,4,101,0.0
water_point_type,1,101,0.0
motorboat,1,100,0.0
maxdraft,1,100,0.0
cmt,1,100,0.0
static_level,1,100,0.0
toilet_medium,1,100,0.0
construction_year,1,99,0.0
obstruction:*,1,99,0.0
info,1,99,0.0
mechanical_driver,1,99,0.0
plant,1,99,0.0
operating,1,99,0.0
import,1,98,0.0
general_room,1,98,0.0
maintenance,1,98,0.0
lwn_ref,1,98,0.0
collapsed,1,98,0.0
nycdoitt:*,1,98,0.0
mist_spraying_cooler,1,98,0.0
website2,1,98,0.0
lwn_name,1,98,0.0
toilet_good,1,98,0.0
web,1,98,0.0
well,1,97,0.0
bic:*,2,97,0.0
fountain:*,11,97,0.0
electric_bicycle,1,97,0.0
guarded,1,97,0.0
buried,1,96,0.0
manager,1,96,0.0
incinerator,1,96,0.0
chicago:*,1,96,0.0
note_IWM,1,95,0.0
outside,1,95,0.0
atmotorroad,1,95,0.0
postcode,1,95,0.0
ref_alt,1,95,0.0
ethanol,1,95,0.0
Direccion,1,94,0.0
building_metal,1,94,0.0
vegetarian,1,94,0.0
bett_and_bike:*,2,94,0.0
rtsa_scale,1,93,0.0
mosque,1,93,0.0
women,1,93,0.0
stationery,1,93,0.0
kiss_ride,1,93,0.0
items,1,93,0.0
commemorates,1,93,0.0
inside,1,92,0.0
boattype,1,92,0.0
movable,1,92,0.0
gate:*,3,92,0.0
rehabilitation_work,1,92,0.0
geometry,1,92,0.0
portal,1,91,0.0
admin_name,1,91,0.0
historic_1,1,91,0.0
sailboat_rental,1,91,0.0
dedication:*,9,91,0.0
dhungedhara,1,91,0.0
reviewed,1,91,0.0
image4,1,91,0.0
maxwidth:*,1,91,0.0
text3,1,91,0.0
billiards,1,90,0.0
post_box,1,90,0.0
health_specialty,1,90,0.0
winery,1,90,0.0
caterer,1,89,0.0
counselling_type:*,18,89,0.0
theatre,1,89,0.0
name1,1,89,0.0
curtain,1,89,0.0
psv,1,89,0.0
artwork_subject:*,11,89,0.0
self_checkout:*,6,88,0.0
number_plate,1,88,0.0
ferry_stop_id,1,88,0.0
change:*,14,88,0.0
telescope:*,2,88,0.0
breast,1,88,0.0
confectionery,1,88,0.0
classrooms:*,2,88,0.0
operator_id,1,88,0.0
inscription2,1,88,0.0
diameter_crown,1,88,0.0
inscription_1,1,88,0.0
ncha:*,3,88,0.0
text,1,88,0.0
augsburgbarrierefrei:*,4,87,0.0
cesena:*,1,87,0.0
light_rail,1,87,0.0
indoor_seating:*,9,87,0.0
monastery:*,1,87,0.0
library:*,7,87,0.0
fabrik:*,1,87,0.0
cross:*,5,86,0.0
incubator:*,5,86,0.0
board_games,1,86,0.0
comuna,1,86,0.0
railway_car,1,86,0.0
menu:*,11,86,0.0
letter_filter:*,7,86,0.0
jukebox,1,85,0.0
regional,1,85,0.0
deposit_ring,1,85,0.0
dine_in,1,85,0.0
microroasting,1,85,0.0
tourism_2,1,85,0.0
price:*,12,84,0.0
LILLE:*,3,84,0.0
founder_name,1,84,0.0
collection_centre,1,84,0.0
political_party:*,6,84,0.0
security,1,84,0.0
add_on_restaurant,1,84,0.0
name_old,1,84,0.0
secteur,1,84,0.0
handler:*,1,84,0.0
Commercial,1,84,0.0
substance,1,83,0.0
floors,1,83,0.0
water_park,1,83,0.0
durian,1,83,0.0
ford,1,83,0.0
working,1,83,0.0
electronics,1,83,0.0
playability,1,83,0.0
safety_equipment,1,83,0.0
ft_symbol,1,82,0.0
disease,1,82,0.0
vehicle_inspection,1,82,0.0
descent,1,82,0.0
windmill:*,5,82,0.0
local_name,1,82,0.0
security_guard,1,82,0.0
inscription_2,1,82,0.0
cannon:*,3,82,0.0
arrows,1,82,0.0
testing_centres,1,82,0.0
est_height,1,82,0.0
car_service,1,81,0.0
hostile_architecture,1,81,0.0
ambulance_response,1,81,0.0
lwn:*,1,81,0.0
no-kartverket-ssr:*,5,81,0.0
nurses,1,81,0.0
grave:*,10,81,0.0
floor_area,1,80,0.0
empty,1,80,0.0
afribit:*,4,80,0.0
guest_capacity,1,80,0.0
tickets,1,80,0.0
newspaper,1,80,0.0
alt_name_2,1,80,0.0
ncu:*,1,79,0.0
logistics,1,79,0.0
weinmobil:*,2,79,0.0
handwashing,1,79,0.0
picnic_benches,1,79,0.0
drinks,1,79,0.0
whatsapp,1,79,0.0
loyalty_card,1,79,0.0
survey_information_access,1,79,0.0
building_good,1,79,0.0
bell_tower,1,79,0.0
accessibility_pwd,1,79,0.0
plot_number,1,79,0.0
todo,1,78,0.0
PFM:*,2,78,0.0
men,1,78,0.0
replica,1,78,0.0
small_electric_vehicle:*,3,78,0.0
tank_open,1,78,0.0
bladder,1,78,0.0
PMSA_ref,1,78,0.0
events_venue,1,77,0.0
event,1,77,0.0
residential,1,77,0.0
close,1,77,0.0
damaged,1,76,0.0
pay_point,1,76,0.0
cosmha_stm,1,76,0.0
hcpaogis:*,1,76,0.0
sport_1,1,76,0.0
note_2,1,76,0.0
suite,1,76,0.0
courthouse:*,3,76,0.0
product:*,25,76,0.0
ice_skates,1,76,0.0
hst_number,1,76,0.0
World_Concern:*,1,76,0.0
recording:*,7,75,0.0
parking_stands,1,75,0.0
water_communities,1,75,0.0
title,1,75,0.0
building_floodable,1,75,0.0
phone1,1,75,0.0
winter_hiking,1,75,0.0
military_service,1,75,0.0
pole,1,75,0.0
certified:*,1,74,0.0
source_type_field_mission,1,74,0.0
mobile_phone,1,74,0.0
design,1,74,0.0
alt,1,74,0.0
planned:*,19,74,0.0
hunting_stand:*,2,74,0.0
line,1,73,0.0
ID_SLH_IMPORT,1,73,0.0
fixed_to,1,73,0.0
rehabilitation_done,1,73,0.0
golf:*,5,73,0.0
width:*,3,73,0.0
toys,1,72,0.0
plan,1,72,0.0
dedicatee,1,72,0.0
cake,1,72,0.0
handrail:*,3,72,0.0
store,1,72,0.0
searchable,1,72,0.0
dc-gis:*,4,72,0.0
gst_number,1,72,0.0
lamp:*,13,72,0.0
length:*,2,72,0.0
PTX:*,1,72,0.0
Approvissionnement,1,72,0.0
wlan,1,71,0.0
association:*,6,71,0.0
review,1,71,0.0
historical_and_cultural_sites:*,1,71,0.0
pharmacy,1,71,0.0
caravan:*,8,70,0.0
charging,1,70,0.0
destroyed,1,70,0.0
self_harvesting,1,70,0.0
number_of_water_spouts,1,70,0.0
sazp:*,1,70,0.0
tag,1,70,0.0
time_to_fix,1,70,0.0
board_ref,1,70,0.0
facility_pay,1,70,0.0
pharmacy_survey,1,70,0.0
alt_shop,1,70,0.0
biometric,1,70,0.0
picnic_area,1,70,0.0
old_name2,1,70,0.0
direct_sunlight,1,70,0.0
marker_date,1,70,0.0
party,1,70,0.0
armrest:*,9,69,0.0
snacks,1,69,0.0
expected_lwn_route_relations,1,69,0.0
charging_point:*,1,69,0.0
wine,1,69,0.0
push_button,1,69,0.0
no-bergen-playgrounds:*,1,69,0.0
located_in:*,1,68,0.0
warning,1,68,0.0
waymark:*,4,68,0.0
auto_rickshaw,1,68,0.0
commemoration_date,1,68,0.0
sinkhole,1,68,0.0
festival:*,6,68,0.0
wine_tasting,1,68,0.0
printer:*,4,68,0.0
game,1,68,0.0
technical_monument,1,68,0.0
cutting,1,68,0.0
well_open,1,68,0.0
label_date,1,67,0.0
on_air:*,6,67,0.0
kettle_hook,1,67,0.0
meat,1,67,0.0
rain_barrel,1,67,0.0
church,1,67,0.0
small_electric_vehicle_parking:*,1,67,0.0
technical_memorial,1,67,0.0
lpg,1,66,0.0
genre,1,66,0.0
rowboat_rental,1,66,0.0
owncup,1,66,0.0
winter_room,1,66,0.0
bar:*,3,66,0.0
guide,1,66,0.0
league,1,66,0.0
marker:*,4,66,0.0
mtb:*,10,66,0.0
building_flooded,1,66,0.0
tree_count,1,66,0.0
ebusinesslotse:*,7,65,0.0
side,1,65,0.0
sexual_antiharassment_policy,1,65,0.0
lining,1,65,0.0
shed,1,65,0.0
wood_available,1,65,0.0
window,1,65,0.0
healtcare,1,65,0.0
units,1,65,0.0
information_type:*,2,65,0.0
edible,1,65,0.0
letters_only,1,65,0.0
sexual_antiharassment_policy:*,1,65,0.0
deli,1,64,0.0
operator_1,1,64,0.0
cooking,1,64,0.0
defibrillator,1,64,0.0
node,1,64,0.0
tv,1,64,0.0
link,1,64,0.0
christ,1,64,0.0
fraternity,1,63,0.0
ref_1,1,63,0.0
authentication,1,63,0.0
fare_gates,1,63,0.0
activities,1,63,0.0
convenience,1,63,0.0
name_alt,1,63,0.0
VRS:*,5,63,0.0
shrine,1,63,0.0
Outlet_Provision,1,63,0.0
timetable,1,63,0.0
agricultural,1,63,0.0
minimum_height_requirement,1,62,0.0
profile,1,62,0.0
darts,1,62,0.0
duty_free:*,5,62,0.0
TDH_Lausanne,1,62,0.0
void,1,62,0.0
airplane,1,62,0.0
kiln,1,62,0.0
ruta,1,62,0.0
parking_space:*,4,61,0.0
tent,1,61,0.0
newspapers,1,61,0.0
service_times:*,35,61,0.0
acoustic,1,61,0.0
product_category,1,61,0.0
jewelry,1,61,0.0
religious_figure,1,61,0.0
artwork,1,61,0.0
heating:*,6,61,0.0
happycow:*,1,61,0.0
truck:*,9,61,0.0
foodbank_url,1,60,0.0
presence,1,60,0.0
border_zone,1,60,0.0
takeout,1,60,0.0
audioguide,1,60,0.0
tables,1,60,0.0
in_cemetery,1,60,0.0
level_ref,1,60,0.0
shower_good,1,60,0.0
lit:*,6,59,0.0
petroglyph,1,59,0.0
shisha,1,59,0.0
bin:*,8,59,0.0
scope,1,59,0.0
jetski_rental,1,59,0.0
style,1,59,0.0
sanitation,1,59,0.0
photography,1,59,0.0
saint,1,59,0.0
safe_place:*,7,59,0.0
facility_owner,1,59,0.0
viewpoint_direction,1,59,0.0
segregated,1,59,0.0
watermill:*,1,58,0.0
donator,1,58,0.0
aircraft,1,58,0.0
local_authority:*,1,58,0.0
numrooms,1,58,0.0
he:*,1,58,0.0
ngo,1,58,0.0
mobile_ordering,1,58,0.0
nickname,1,58,0.0
nombre,1,58,0.0
appliance:*,3,57,0.0
capital,1,57,0.0
source_dat,1,57,0.0
maxspeed:*,6,57,0.0
graffiti:*,1,57,0.0
antenna:*,1,57,0.0
karlsruhe_brunnen_ref,1,57,0.0
name_water,1,57,0.0
menu,1,57,0.0
ambulance,1,57,0.0
antenna,1,57,0.0
province,1,57,0.0
buffet,1,57,0.0
second chance youth,1,57,0.0
capacity_area,1,56,0.0
art,1,56,0.0
old_nat_ref,1,56,0.0
security_area,1,56,0.0
container,1,56,0.0
clock:*,12,56,0.0
house,1,56,0.0
emergency_ward_entrance,1,56,0.0
double_sided,1,56,0.0
handwashing_station_good,1,56,0.0
tower,1,56,0.0
blumen,1,56,0.0
former_name,1,56,0.0
larochelle_pacy_id,1,55,0.0
old_cuisine,1,55,0.0
public_transport_tickets:*,5,55,0.0
wetland,1,55,0.0
handicap,1,55,0.0
isIndoor,1,55,0.0
gtfs_stop_code,1,55,0.0
cafeteria,1,55,0.0
gun_emplacement_type,1,55,0.0
isOutdoor,1,55,0.0
classeCnae,1,55,0.0
ph:*,1,55,0.0
routes,1,55,0.0
mobile_ordering:*,1,55,0.0
Colonia,1,55,0.0
clock,1,55,0.0
map_scale,1,55,0.0
item_id,1,55,0.0
idDocArtis,1,55,0.0
notes:*,3,54,0.0
building_medium,1,54,0.0
maintained,1,54,0.0
Comment,1,54,0.0
aerialway:*,5,54,0.0
brand_sign,1,54,0.0
linen,1,54,0.0
craft:*,39,54,0.0
start,1,54,0.0
geometry_source_type,1,54,0.0
commune,1,54,0.0
draft,1,54,0.0
airconditioned,1,53,0.0
christ:*,1,53,0.0
brushless,1,53,0.0
span,1,53,0.0
ship,1,53,0.0
westra_ref,1,53,0.0
geometry_source_date,1,53,0.0
yelp,1,53,0.0
marketplace,1,53,0.0
adress,1,53,0.0
home_visit,1,53,0.0
fountain_spout:*,1,53,0.0
class,1,53,0.0
booking,1,53,0.0
reference_point,1,53,0.0
sanitation_communities,1,53,0.0
firearms,1,53,0.0
cellar:*,7,53,0.0
photo_num,1,52,0.0
robot:*,5,52,0.0
number_of,1,52,0.0
telecom:*,5,52,0.0
kneipp_water_cure,1,52,0.0
healthcare_departments:*,4,52,0.0
clinic:*,4,52,0.0
pet_grooming,1,52,0.0
monument:*,7,52,0.0
electric_moped:*,1,52,0.0
mapillary_url,1,52,0.0
beds:*,2,52,0.0
departement,1,52,0.0
last_collection,1,52,0.0
image5,1,52,0.0
traffic_signals:*,7,52,0.0
water_quality,1,51,0.0
coach,1,51,0.0
service number:*,3,51,0.0
building_base_material:*,4,51,0.0
shower_medium,1,51,0.0
user_defined_other,1,51,0.0
openfkt_id,1,51,0.0
display_surface,1,51,0.0
wayside_cross,1,51,0.0
net:*,2,51,0.0
operating_hours,1,51,0.0
plug,1,51,0.0
lte:*,3,51,0.0
hardware,1,51,0.0
self_serve,1,51,0.0
kayak,1,51,0.0
water_quantity,1,51,0.0
patient_female,1,50,0.0
marker_type,1,50,0.0
wash_maintenance_frequency,1,50,0.0
patient_male,1,50,0.0
ogr_type_c,1,50,0.0
dress_code,1,50,0.0
bicycle_library:*,1,50,0.0
diet,1,50,0.0
mode_of_organisation:*,7,50,0.0
chapel,1,50,0.0
Horz_Prec,1,50,0.0
high_pressure_washer,1,50,0.0
handwashing_usability,1,50,0.0
ostomate,1,50,0.0
min_level,1,50,0.0
GPS_Date,1,50,0.0
wash_maintenance,1,50,0.0
water_point_usability,1,50,0.0
alkalinity,1,50,0.0
technology,1,50,0.0
water_point_location,1,50,0.0
Vert_Prec,1,50,0.0
Max_PDOP,1,50,0.0
latrine_emptying_service,1,50,0.0
nickname:*,49,50,0.0
transport:*,1,50,0.0
ref_post,1,50,0.0
handwashing_station_distance,1,50,0.0
wash_management,1,50,0.0
institution:*,2,50,0.0
wash_ngo_support,1,50,0.0
building_reinforced_concrete,1,50,0.0
telephone,1,50,0.0
GPS_Time,1,50,0.0
craft_1,1,50,0.0
abbreviation,1,50,0.0
boundary_admin_level4_name,1,49,0.0
opd:*,1,49,0.0
facility_nature,1,49,0.0
milestone,1,49,0.0
specialized_education,1,49,0.0
operator2,1,49,0.0
grooming,1,49,0.0
swimming_lanes,1,49,0.0
object,1,49,0.0
handwashing_number,1,49,0.0
dedication,1,49,0.0
facility_type,1,49,0.0
answer,1,49,0.0
cat,1,49,0.0
binoculars,1,49,0.0
temporary:*,17,49,0.0
CBTC,1,49,0.0
signboard:*,5,49,0.0
bread,1,49,0.0
terminal_type,1,49,0.0
aeroway:*,9,49,0.0
dog:*,16,49,0.0
shop_3,1,49,0.0
health,1,49,0.0
water_point_number,1,49,0.0
tourism:*,20,49,0.0
chemist,1,49,0.0
checked,1,48,0.0
swimming,1,48,0.0
childcare:*,10,48,0.0
former:*,12,48,0.0
court_surface,1,48,0.0
parking_entrance,1,48,0.0
dedicated_to,1,48,0.0
organisation,1,48,0.0
contents,1,48,0.0
houseware,1,48,0.0
water_point_improved,1,48,0.0
sfgov.org:*,2,48,0.0
beverages,1,48,0.0
building_roof_material:*,6,47,0.0
moh_rank,1,47,0.0
shower_bad,1,47,0.0
last_verified,1,47,0.0
traffic_signals,1,47,0.0
materials,1,47,0.0
handwashing_station_bad,1,47,0.0
containers,1,47,0.0
OBTC,1,47,0.0
motorhomes,1,47,0.0
resources,1,47,0.0
geological:*,5,47,0.0
name_en,1,47,0.0
count_building,1,47,0.0
reg_name:*,12,47,0.0
second_dial,1,47,0.0
table_tennis:*,6,47,0.0
houseboat_rental,1,46,0.0
sections,1,46,0.0
sleeping:*,4,46,0.0
building_count,1,46,0.0
quality,1,46,0.0
umts:*,4,46,0.0
batches,1,46,0.0
Assets_Threats,1,46,0.0
cereal,1,46,0.0
franchise,1,46,0.0
facilities,1,46,0.0
ID,1,46,0.0
ogr_type_1,1,46,0.0
vending_machine:*,9,45,0.0
special_needs:*,10,45,0.0
collection:*,3,45,0.0
crematorium,1,45,0.0
harbour_master,1,45,0.0
linkpdf,1,45,0.0
backrest:*,5,45,0.0
consent,1,45,0.0
esperanto,1,45,0.0
sahana_id,1,45,0.0
reference,1,45,0.0
lamp_flames,1,45,0.0
foodbank,1,45,0.0
geoservice:*,1,45,0.0
viewpoint:*,9,44,0.0
Category,1,44,0.0
established,1,44,0.0
well_closed,1,44,0.0
braille:*,2,44,0.0
UID,1,44,0.0
remotely_controllable,1,44,0.0
steps,1,44,0.0
signpost,1,44,0.0
old_official_name,1,43,0.0
fog,1,43,0.0
subway,1,43,0.0
Objet,1,43,0.0
minibus,1,43,0.0
name_3,1,43,0.0
tyres,1,43,0.0
fish,1,43,0.0
for,1,43,0.0
llbo,1,43,0.0
ref_id_pa,1,43,0.0
specialty,1,43,0.0
M:*,1,43,0.0
license,1,43,0.0
firewood,1,43,0.0
ref_GmlID,1,43,0.0
ref_ogc_fid,1,43,0.0
from,1,43,0.0
games,1,42,0.0
panchayath,1,42,0.0
old_alt_name,1,42,0.0
ground_transport,1,42,0.0
distributor,1,42,0.0
tds,1,42,0.0
handwashing_station_medium,1,42,0.0
pedestrian arcade:*,2,42,0.0
avalanche_transceiver,1,42,0.0
strapline:*,12,42,0.0
stranded,1,42,0.0
people_using_facility,1,42,0.0
pilgrimage,1,42,0.0
stay,1,42,0.0
sales,1,42,0.0
pincode,1,42,0.0
hybrid_car,1,41,0.0
forestry_sign,1,41,0.0
umbrella,1,41,0.0
barcode_scanner,1,41,0.0
related_law:*,3,41,0.0
sopsr:*,2,41,0.0
valve,1,41,0.0
handrail,1,41,0.0
bathroom,1,41,0.0
teaching:*,1,41,0.0
image_direction,1,41,0.0
training:*,5,41,0.0
task,1,41,0.0
excrement_bags,1,41,0.0
verbindung:*,8,41,0.0
agency,1,41,0.0
potable,1,41,0.0
person,1,41,0.0
retail,1,41,0.0
position:*,10,41,0.0
building_bad,1,41,0.0
mount,1,41,0.0
relay_box,1,41,0.0
date_used,1,41,0.0
wiki:*,2,41,0.0
site_name,1,40,0.0
payment_centre:*,2,40,0.0
substation,1,40,0.0
boarding,1,40,0.0
oneclass,1,40,0.0
copier,1,40,0.0
old_office,1,40,0.0
surface:*,7,40,0.0
cheese,1,40,0.0
linkedin,1,40,0.0
waste_disposal_structure,1,40,0.0
unocha:*,1,40,0.0
electric,1,40,0.0
bell,1,40,0.0
scolar_district,1,40,0.0
birds_nest,1,40,0.0
vending_1,1,40,0.0
tank_closed,1,40,0.0
post_addr,1,40,0.0
sports,1,40,0.0
capacity_individuals_building_level_1,1,40,0.0
anthropogenic,1,40,0.0
post,1,39,0.0
Ward,1,39,0.0
couverture,1,39,0.0
part_time_beds,1,39,0.0
hookah,1,39,0.0
doityourself,1,39,0.0
donor,1,39,0.0
office_1,1,39,0.0
geonames:*,8,39,0.0
founded,1,39,0.0
animal:*,3,39,0.0
fee_zone,1,39,0.0
ressort,1,38,0.0
map_publisher,1,38,0.0
contact1:*,2,38,0.0
City,1,38,0.0
wayside_cross:*,2,38,0.0
image_1,1,38,0.0
building_roof_base_material,1,38,0.0
duration,1,38,0.0
poem,1,38,0.0
cinema,1,38,0.0
rock,1,38,0.0
pizza:*,1,38,0.0
shipping,1,38,0.0
managed,1,38,0.0
winter_service,1,38,0.0
hifi:*,3,38,0.0
quiet_hours,1,38,0.0
engineer:*,3,38,0.0
mcrb:*,1,38,0.0
lockers,1,37,0.0
observatory:*,1,37,0.0
industry,1,37,0.0
annotation,1,37,0.0
nominal,1,37,0.0
tiger:*,11,37,0.0
praxis:*,1,37,0.0
backstage:*,13,37,0.0
open,1,37,0.0
hamburgenergie,1,37,0.0
old_short_name,1,37,0.0
border_type,1,37,0.0
nagacity:*,7,37,0.0
dock,1,37,0.0
duplicate,1,37,0.0
id_orux,1,37,0.0
cosmetics,1,37,0.0
ruin_type,1,36,0.0
ITEM_ID,1,36,0.0
vic_police:*,9,36,0.0
vegetable,1,36,0.0
franchise:*,1,36,0.0
occupancy,1,36,0.0
Payant,1,36,0.0
tasting,1,36,0.0
street_art,1,36,0.0
wash_funding,1,36,0.0
geograph:*,1,36,0.0
hospital,1,36,0.0
stormsurge:*,14,36,0.0
ice,1,36,0.0
noaddress,1,36,0.0
delivery_hours,1,36,0.0
alt_addr:*,5,36,0.0
water_slide,1,36,0.0
menulist,1,36,0.0
lgv,1,36,0.0
guard:*,3,36,0.0
nif,1,36,0.0
departures_board:*,5,36,0.0
port_of_entry,1,36,0.0
bladder_open,1,36,0.0
phone_2,1,36,0.0
marque,1,36,0.0
massif,1,36,0.0
contact2:*,2,36,0.0
prison_camp,1,36,0.0
unsigned,1,35,0.0
old_branch,1,35,0.0
pillbox,1,35,0.0
planted_date,1,35,0.0
NMA_ref,1,35,0.0
caltex:*,2,35,0.0
wine_region,1,35,0.0
bistro,1,35,0.0
bladder_closed,1,35,0.0
tours,1,35,0.0
childcare,1,35,0.0
nome,1,35,0.0
basketball,1,35,0.0
max_level,1,35,0.0
laundry:*,7,35,0.0
full_service:*,1,35,0.0
thuwalguide_id,1,35,0.0
city_limit,1,35,0.0
tractor:*,6,35,0.0
goods:*,7,35,0.0
image_2,1,35,0.0
trail_running,1,35,0.0
text4,1,35,0.0
darts:*,2,35,0.0
associated_with,1,35,0.0
packstation_type,1,35,0.0
scale,1,35,0.0
suburb,1,35,0.0
estate_agent,1,35,0.0
tams:*,1,35,0.0
direccion,1,34,0.0
cooker,1,34,0.0
wikimapa:*,1,34,0.0
description_2,1,34,0.0
minsk_PT:*,2,34,0.0
bed,1,34,0.0
couplings,1,34,0.0
swing,1,34,0.0
service_quality,1,34,0.0
LGA,1,34,0.0
produce:*,15,34,0.0
sportsbar,1,34,0.0
hobby,1,34,0.0
products,1,34,0.0
martial_arts,1,34,0.0
FID,1,34,0.0
lounger,1,34,0.0
reservable,1,34,0.0
last_renovation,1,34,0.0
motorway_direction,1,34,0.0
check,1,34,0.0
branch_name,1,34,0.0
list:*,1,34,0.0
specialist,1,34,0.0
FIXME:*,15,34,0.0
poi:*,4,34,0.0
QuantityTu,1,33,0.0
stele:*,8,33,0.0
family_seating,1,33,0.0
kvl_hro:*,3,33,0.0
archery,1,33,0.0
grid_proximity,1,33,0.0
agricultural_supplies,1,33,0.0
embossed_letters,1,33,0.0
books:*,10,33,0.0
to:*,3,33,0.0
stairs,1,33,0.0
motorhome:*,5,33,0.0
rank,1,33,0.0
Fence,1,33,0.0
internet_2,1,33,0.0
durian:*,4,33,0.0
building_status_desc,1,33,0.0
internet_1,1,33,0.0
end_date:*,12,33,0.0
kultohr:*,1,33,0.0
network_mm,1,32,0.0
name_sign,1,32,0.0
borehole_open,1,32,0.0
naptan_ref,1,32,0.0
Route_ID,1,32,0.0
subdenomination,1,32,0.0
map_ref,1,32,0.0
stop_date,1,32,0.0
car_rental,1,32,0.0
opening_hours_1,1,32,0.0
heated,1,32,0.0
platform:*,2,32,0.0
nat_name:*,12,32,0.0
iof,1,32,0.0
motorbike,1,32,0.0
borehole_closed,1,32,0.0
old_name1,1,32,0.0
camping:*,4,32,0.0
amount,1,32,0.0
residents,1,32,0.0
medical_staff,1,32,0.0
website_2,1,32,0.0
gsm:*,2,32,0.0
place_of_mourning,1,32,0.0
services:*,3,32,0.0
origin:*,7,32,0.0
district:*,3,32,0.0
zcen2011,1,32,0.0
research_institution,1,31,0.0
camra,1,31,0.0
stars:*,5,31,0.0
health_admin2_name,1,31,0.0
tagline,1,31,0.0
transportation,1,31,0.0
details,1,31,0.0
stop_id,1,31,0.0
fitness_trail,1,31,0.0
cellar_door,1,31,0.0
drnpu:*,2,31,0.0
seafood,1,31,0.0
service_category,1,31,0.0
attribution:*,2,31,0.0
walkup_window,1,31,0.0
crash_site,1,31,0.0
health_admin1_name,1,31,0.0
bdy_admin2_name,1,31,0.0
printer,1,31,0.0
leisure:*,9,31,0.0
geyser:*,3,31,0.0
shadow,1,31,0.0
bdy_admin1_name,1,31,0.0
information_1,1,31,0.0
dark_sky,1,31,0.0
bdy_admin3_name,1,31,0.0
facility_amount,1,31,0.0
streetart_type,1,30,0.0
restriction,1,30,0.0
photopoint:*,2,30,0.0
pbf_contract,1,30,0.0
canoe:*,11,30,0.0
ethnicity,1,30,0.0
kindergarden:*,1,30,0.0
doctor,1,30,0.0
sangis:*,2,30,0.0
walls,1,30,0.0
film:*,2,30,0.0
pizza,1,30,0.0
Tình trạng,1,30,0.0
min_age:*,5,30,0.0
arrow:*,1,30,0.0
funded_by,1,30,0.0
age_verification:*,5,30,0.0
office_type,1,30,0.0
jenjang,1,30,0.0
openGeoDB:*,14,30,0.0
idp:*,1,30,0.0
health_speciality:*,11,30,0.0
dibavod:*,6,30,0.0
statue_type,1,29,0.0
overcapacity,1,29,0.0
iemv:*,9,29,0.0
emergency_service,1,29,0.0
noname:*,3,29,0.0
attribute_source_type,1,29,0.0
narrow,1,29,0.0
ojo:*,1,29,0.0
video:*,5,29,0.0
balloon:*,7,29,0.0
foundation_date,1,29,0.0
electrified,1,29,0.0
maxdepth,1,29,0.0
dsa:*,1,29,0.0
ADRESSE,1,29,0.0
regelbau,1,29,0.0
milepost,1,29,0.0
no_of_traders,1,29,0.0
minstay,1,29,0.0
scooter_parking,1,29,0.0
coa:*,1,29,0.0
info:*,2,29,0.0
compass_rose:*,1,29,0.0
desc,1,29,0.0
phone3,1,29,0.0
tea,1,29,0.0
climb,1,29,0.0
restriction:*,4,29,0.0
sculpture:*,4,29,0.0
WLAN,1,28,0.0
ration_shop_number,1,28,0.0
stećak,1,28,0.0
built,1,28,0.0
hotspot,1,28,0.0
chalet,1,28,0.0
artwork_material,1,28,0.0
mall,1,28,0.0
COUNTYFP,1,28,0.0
delivery_point:*,2,28,0.0
guided_routes,1,28,0.0
hearing_aids,1,28,0.0
contactless,1,28,0.0
starting,1,28,0.0
supermarket:*,3,28,0.0
female_owner,1,28,0.0
hashtags,1,28,0.0
STATEFP,1,28,0.0
board,1,28,0.0
beauty_1,1,28,0.0
storage,1,28,0.0
family_name,1,28,0.0
micropub,1,28,0.0
bunker:*,6,28,0.0
builder,1,28,0.0
admin_staff,1,28,0.0
health_staff,1,28,0.0
baby_change,1,28,0.0
fitness_centre,1,28,0.0
moved_from,1,28,0.0
backboards:*,3,28,0.0
public_water_point,1,28,0.0
lactose_free,1,28,0.0
note2,1,28,0.0
funeral_hall,1,27,0.0
persons_first_domicile,1,27,0.0
alt_name2,1,27,0.0
deposit,1,27,0.0
Registration_Number,1,27,0.0
roundtrip,1,27,0.0
sustenance,1,27,0.0
indistinct,1,27,0.0
long,1,27,0.0
organization_type,1,27,0.0
lutheran,1,27,0.0
cargo_bike:*,2,27,0.0
prow_ref,1,27,0.0
counselling,1,27,0.0
Type,1,27,0.0
erected,1,27,0.0
drain,1,27,0.0
station_id,1,27,0.0
pillar:*,5,27,0.0
winter_warning,1,27,0.0
warehouse,1,27,0.0
scenic,1,27,0.0
tax_free,1,27,0.0
dark_store,1,27,0.0
river:*,3,27,0.0
Trail_Name,1,27,0.0
cultural_typ:*,1,27,0.0
lgv:*,2,27,0.0
Province,1,27,0.0
MCC,1,26,0.0
store_id,1,26,0.0
patron,1,26,0.0
friture:*,1,26,0.0
sample_collection:*,2,26,0.0
building_status_good,1,26,0.0
scooter:*,5,26,0.0
fitness,1,26,0.0
basilica,1,26,0.0
old_collection_times,1,26,0.0
luminous:*,1,26,0.0
mimics,1,26,0.0
"id_arturbmoz,fcm",1,26,0.0
hackerspace:*,1,26,0.0
hinanjo,1,26,0.0
platforms,1,26,0.0
nursing_room,1,26,0.0
toy:*,1,26,0.0
image6,1,26,0.0
gym,1,26,0.0
touchless,1,26,0.0
ipr:*,1,26,0.0
inmate_count,1,26,0.0
health_level,1,26,0.0
helipad,1,26,0.0
wikidata:*,7,26,0.0
dsscreated,1,26,0.0
scolar_type,1,26,0.0
nest_platform,1,26,0.0
on_demand,1,26,0.0
charges,1,26,0.0
teryt:*,6,26,0.0
outside_atm,1,26,0.0
LfDH:*,1,26,0.0
inmate_capcity,1,26,0.0
staff,1,26,0.0
site_type,1,26,0.0
structure_type,1,26,0.0
average_waiting_time,1,26,0.0
nld:*,2,26,0.0
special_care,1,26,0.0
ups_other,1,25,0.0
sport_2,1,25,0.0
4wd_only,1,25,0.0
charging:*,5,25,0.0
accreditation:*,1,25,0.0
COMMENT,1,25,0.0
child_shelter,1,25,0.0
est_width,1,25,0.0
tailor,1,25,0.0
chilled,1,25,0.0
health_facility,1,25,0.0
camp_pitch,1,25,0.0
transport,1,25,0.0
serial_number,1,25,0.0
public_transport_network,1,25,0.0
background_music,1,25,0.0
ctr,1,25,0.0
dog_washing,1,25,0.0
urban_green:*,13,25,0.0
direction:*,10,25,0.0
truck_repair,1,25,0.0
tracktype,1,25,0.0
IDENT,1,25,0.0
LONG,1,25,0.0
summer_terrace,1,25,0.0
disposal,1,25,0.0
ice_cream:*,2,25,0.0
mindepth,1,25,0.0
use_by,1,25,0.0
map_material,1,25,0.0
legal_status:*,1,25,0.0
carpenter:*,7,25,0.0
first_aid,1,25,0.0
pool,1,25,0.0
line_attachment,1,25,0.0
GPS,1,25,0.0
tax_free:*,1,25,0.0
X_PROJ,1,25,0.0
scheme,1,25,0.0
community_center:*,1,25,0.0
is_safe_ha,1,25,0.0
pipeline,1,25,0.0
Y_PROJ,1,25,0.0
genaral_tag,1,25,0.0
shared_taxi:*,3,25,0.0
assembly_point:*,5,24,0.0
nameXX,1,24,0.0
set,1,24,0.0
hov,1,24,0.0
place_name,1,24,0.0
aquaculture,1,24,0.0
prpois:*,2,24,0.0
baseball,1,24,0.0
footrest,1,24,0.0
computer,1,24,0.0
horeca:*,4,24,0.0
Centro_ref,1,24,0.0
previous_name,1,24,0.0
year_built,1,24,0.0
motor_vehicle:*,5,24,0.0
secondary_activity,1,24,0.0
tattoo,1,24,0.0
vegetables,1,24,0.0
public_transport_tickets,1,24,0.0
interactive,1,24,0.0
BytomGIS:*,1,24,0.0
jel,1,24,0.0
hookah:*,3,24,0.0
UntereDenkmalbehörde:*,2,24,0.0
tyres:*,2,24,0.0
self_service:*,6,24,0.0
hoops:*,4,24,0.0
INEGI:*,4,24,0.0
Street_Add,1,24,0.0
capacity_water_storage,1,24,0.0
jetski:*,5,24,0.0
ecotourism:*,24,24,0.0
BP:*,2,24,0.0
inscription_3,1,24,0.0
camp,1,24,0.0
datum,1,24,0.0
itb:*,1,24,0.0
kitchen_hours,1,24,0.0
nif:*,1,24,0.0
checked_date,1,24,0.0
appointment:*,2,24,0.0
Std_Dev,1,24,0.0
creator,1,24,0.0
bbq:*,2,24,0.0
foodservice,1,24,0.0
nps:*,2,23,0.0
lock,1,23,0.0
interior_decoration,1,23,0.0
milestone:*,3,23,0.0
photography:*,6,23,0.0
inscription1,1,23,0.0
bust,1,23,0.0
depository,1,23,0.0
siren:*,3,23,0.0
raa_ref,1,23,0.0
boundary_stone:*,4,23,0.0
weather:*,7,23,0.0
check-date,1,23,0.0
operator_partners,1,23,0.0
heliport,1,23,0.0
yacht_rental,1,23,0.0
locked:*,3,23,0.0
hostel,1,23,0.0
hand_wash,1,23,0.0
razed,1,23,0.0
laptop,1,23,0.0
farm,1,23,0.0
teaching,1,23,0.0
website1,1,23,0.0
sac_scale,1,23,0.0
fishing_technique:*,2,23,0.0
entry_fee,1,23,0.0
ancillary_services,1,23,0.0
stop,1,23,0.0
building_status_medium,1,23,0.0
school_zone,1,23,0.0
facility,1,23,0.0
surfboard:*,3,23,0.0
departure,1,23,0.0
congregation,1,23,0.0
source_type,1,23,0.0
casemate,1,23,0.0
delivery_service,1,23,0.0
onkz,1,23,0.0
gallery,1,23,0.0
urban,1,22,0.0
reinforced,1,22,0.0
canteen,1,22,0.0
wreck,1,22,0.0
gaelic_games:*,4,22,0.0
sell:*,10,22,0.0
cables,1,22,0.0
toilets_number,1,22,0.0
alt_name1,1,22,0.0
swing_grate,1,22,0.0
museum:*,8,22,0.0
spaces,1,22,0.0
ground,1,22,0.0
MNC,1,22,0.0
nfz,1,22,0.0
key_cutter,1,22,0.0
label:*,3,22,0.0
parklet:*,3,22,0.0
kitchen:*,5,22,0.0
free_refill,1,22,0.0
lamp_operator,1,22,0.0
suspended_food,1,22,0.0
mcc,1,22,0.0
meeting_point,1,22,0.0
city_id,1,22,0.0
hwf:*,1,22,0.0
antiques,1,22,0.0
nightclub,1,22,0.0
NYDEC_Lands:*,12,22,0.0
artwork_group,1,22,0.0
sourcedb:*,2,22,0.0
sketchfab,1,22,0.0
beauty:*,11,22,0.0
speed_pedelec,1,22,0.0
alt_ele,1,22,0.0
est_date,1,22,0.0
passenger_information:*,3,22,0.0
mot,1,22,0.0
latrine,1,22,0.0
approximate,1,22,0.0
dance,1,22,0.0
founder,1,22,0.0
title:*,4,22,0.0
image_project_inside,1,22,0.0
communication,1,22,0.0
sound,1,21,0.0
destination_type,1,21,0.0
ruined:*,6,21,0.0
connectivity,1,21,0.0
beer_brand,1,21,0.0
un,1,21,0.0
social_security,1,21,0.0
building_status_bad,1,21,0.0
factory,1,21,0.0
excrement_bags:*,2,21,0.0
boutique,1,21,0.0
official_short_type,1,21,0.0
vcgi:*,1,21,0.0
horaires_vacances_hiver,1,21,0.0
outlet,1,21,0.0
high_ropes_course:*,3,21,0.0
employee,1,21,0.0
works,1,21,0.0
kids,1,21,0.0
nwn_ref,1,21,0.0
stećak:*,5,21,0.0
engineer,1,21,0.0
crfop:*,1,21,0.0
shaded,1,21,0.0
crossing_ref,1,21,0.0
owner_water,1,21,0.0
car_wash:*,7,21,0.0
cctv,1,21,0.0
NOTE,1,21,0.0
farm:*,1,21,0.0
enforcement,1,21,0.0
indoor_play,1,21,0.0
used,1,21,0.0
embossed_letters:*,2,21,0.0
air_conditioning:*,5,21,0.0
sorting_name:*,6,21,0.0
old_railway_operator,1,21,0.0
feeding_hours,1,21,0.0
destination_place,1,21,0.0
registry_name,1,21,0.0
drinking_straw,1,21,0.0
greengrocer,1,21,0.0
stećak_count,1,21,0.0
feature,1,21,0.0
old_old_name,1,21,0.0
physically_present,1,21,0.0
asb,1,21,0.0
pitch,1,21,0.0
make,1,21,0.0
transparent,1,21,0.0
functional,1,20,0.0
AND_a_nosr_p,1,20,0.0
planned,1,20,0.0
iata,1,20,0.0
street_art:*,1,20,0.0
lillomarkasvenner:*,1,20,0.0
licensed,1,20,0.0
delivery_times,1,20,0.0
high_water_mark,1,20,0.0
sandwich,1,20,0.0
about:*,2,20,0.0
owncup:*,1,20,0.0
covered:*,5,20,0.0
lid,1,20,0.0
automatic,1,20,0.0
artist_life,1,20,0.0
award,1,20,0.0
outdoor_area,1,20,0.0
organisation:*,2,20,0.0
car_park,1,20,0.0
Tiger:*,1,20,0.0
health_services:*,1,20,0.0
zona de abastecimento,1,20,0.0
watsan_toilet:*,4,20,0.0
capacity_area_building_level_1,1,20,0.0
stile,1,20,0.0
drive-through,1,20,0.0
pickup,1,20,0.0
upload_tag,1,20,0.0
guide:*,7,20,0.0
min_transaction,1,20,0.0
toilets_operational_status,1,20,0.0
input,1,20,0.0
text:*,6,20,0.0
flow,1,20,0.0
short_official_name,1,20,0.0
storage_rental,1,20,0.0
optical_telegraph,1,20,0.0
seat,1,20,0.0
rack_type,1,20,0.0
reception_desk,1,20,0.0
television:*,3,20,0.0
bell:*,10,20,0.0
mapillary_1,1,20,0.0
dentist,1,20,0.0
second_day,1,20,0.0
organization,1,20,0.0
fortress:*,1,20,0.0
natural_protection,1,20,0.0
geopark:*,1,19,0.0
source_2,1,19,0.0
ferry:*,3,19,0.0
notice,1,19,0.0
canteen:*,1,19,0.0
soap,1,19,0.0
name_centre,1,19,0.0
attribute_source_name,1,19,0.0
triangulation_point,1,19,0.0
street_food,1,19,0.0
radius,1,19,0.0
capacity_individuals_building_level_2,1,19,0.0
egrn:*,6,19,0.0
trucks,1,19,0.0
picnic_table:*,3,19,0.0
laptop:*,2,19,0.0
embankment,1,19,0.0
int_name:*,6,19,0.0
lawn_mower:*,4,19,0.0
campers,1,19,0.0
sky,1,19,0.0
e-cigarette,1,19,0.0
ref2,1,19,0.0
cdc:*,1,19,0.0
finance,1,19,0.0
campusbuilding,1,19,0.0
slogan,1,19,0.0
geopark,1,19,0.0
exotic,1,19,0.0
road_marking,1,19,0.0
cost_per_litre,1,19,0.0
old_postal_code,1,19,0.0
waste_flooding,1,19,0.0
produce_on_site,1,19,0.0
jeepney,1,19,0.0
ebusinesslotse,1,19,0.0
spring,1,19,0.0
courts,1,19,0.0
temp,1,19,0.0
waste_type,1,19,0.0
water_access:*,1,19,0.0
biodiesel,1,19,0.0
pastor,1,19,0.0
des,1,19,0.0
IDTUP,1,18,0.0
reg_ref,1,18,0.0
utahagrc:*,1,18,0.0
inscription_date,1,18,0.0
border_control,1,18,0.0
collection_time,1,18,0.0
shelter:*,9,18,0.0
alt:*,9,18,0.0
neon_light,1,18,0.0
average_fee:*,1,18,0.0
legs,1,18,0.0
agglomération,1,18,0.0
commons,1,18,0.0
oldhousenumber,1,18,0.0
grab_rail:*,2,18,0.0
religious_rank,1,18,0.0
ref_catastral,1,18,0.0
ANSICODE,1,18,0.0
barber,1,18,0.0
toddler_area,1,18,0.0
apartheid_free_zone,1,18,0.0
import:*,9,18,0.0
blood_donation:*,4,18,0.0
parking_zone,1,18,0.0
compost,1,18,0.0
old_opening_hours,1,18,0.0
airline,1,18,0.0
car_sharing:*,3,18,0.0
ncn,1,18,0.0
utilization,1,18,0.0
live_music_venue,1,18,0.0
capacity_beds,1,18,0.0
departure_per_day,1,18,0.0
Approximately_Farmers_saved,1,18,0.0
bank-type,1,18,0.0
nhs,1,18,0.0
food_court,1,18,0.0
priority,1,18,0.0
grit_bin,1,18,0.0
verify,1,18,0.0
image7,1,18,0.0
paper_supplied,1,18,0.0
url_1,1,18,0.0
date_start,1,18,0.0
shoe_repair,1,18,0.0
rollerboard,1,18,0.0
authenticity,1,18,0.0
water_tap:*,3,18,0.0
disabled:*,6,18,0.0
shrine:*,3,18,0.0
fixed,1,18,0.0
watch:*,1,18,0.0
cellular_signal,1,18,0.0
approvissionnement,1,18,0.0
trash_accepted:*,1,17,0.0
cafe_type,1,17,0.0
gps:*,2,17,0.0
group,1,17,0.0
tyres_repair,1,17,0.0
date_on,1,17,0.0
scout:*,1,17,0.0
TerrainID,1,17,0.0
roadside,1,17,0.0
wildlife_hide,1,17,0.0
sensory,1,17,0.0
florist,1,17,0.0
expected_rwn_route_relations,1,17,0.0
order,1,17,0.0
bases,1,17,0.0
tripadvisor,1,17,0.0
designated,1,17,0.0
Mark_CAT,1,17,0.0
gazebo,1,17,0.0
production_input:*,13,17,0.0
electric_vehicle,1,17,0.0
addr.source:*,1,17,0.0
patron_saint,1,17,0.0
mfo,1,17,0.0
trail_riding_station,1,17,0.0
anglican,1,17,0.0
creation_date,1,17,0.0
charging_type,1,17,0.0
Infomation,1,17,0.0
tree:*,5,17,0.0
initial_fee,1,17,0.0
grill,1,17,0.0
windows,1,17,0.0
portal_type,1,17,0.0
education_program,1,17,0.0
old_name_3,1,17,0.0
second_chance_youth,1,17,0.0
circuit,1,17,0.0
passing_places,1,17,0.0
rooms_type_and_prices,1,17,0.0
take_out,1,17,0.0
social_facility_for,1,17,0.0
elev,1,17,0.0
brothel,1,17,0.0
hazard_prone,1,17,0.0
hfac_current_bed_use,1,17,0.0
guidepost_ref,1,17,0.0
uzh_landmark,1,17,0.0
factory_outlet,1,17,0.0
sausage,1,17,0.0
minigrid_proximity,1,17,0.0
horaires_normal,1,17,0.0
artwork_type_1,1,17,0.0
kick-scooter_parking,1,17,0.0
apartments,1,17,0.0
earthquake:*,1,17,0.0
autor,1,17,0.0
produce water,1,17,0.0
solar_photovoltaic_panel:*,1,17,0.0
gate,1,17,0.0
cec:*,1,17,0.0
school_bus,1,17,0.0
tesla:*,1,17,0.0
sa_territorio,1,17,0.0
operation:*,1,17,0.0
shop2,1,17,0.0
aircraft_spotting,1,17,0.0
waymark,1,17,0.0
latrine_medium,1,17,0.0
old_collection_plate:*,1,16,0.0
small_electronics_device:*,1,16,0.0
healthcare_1,1,16,0.0
practitioner,1,16,0.0
schedule,1,16,0.0
education_structure_type,1,16,0.0
Nome,1,16,0.0
maid,1,16,0.0
distretto_scolastico,1,16,0.0
old_collection_plate,1,16,0.0
orac-number,1,16,0.0
enclosure,1,16,0.0
microwave_oven,1,16,0.0
stroller:*,3,16,0.0
station_type,1,16,0.0
interval,1,16,0.0
capacity_water_storage_g,1,16,0.0
audio,1,16,0.0
carriage,1,16,0.0
rescue_service,1,16,0.0
date_crash,1,16,0.0
entertainment,1,16,0.0
pay_tv:*,1,16,0.0
TODO,1,16,0.0
shop_4,1,16,0.0
artisan,1,16,0.0
sightseeingtour:*,1,16,0.0
removed,1,16,0.0
company_name,1,16,0.0
scraper_microdata:*,1,16,0.0
snowmobile:*,4,16,0.0
cater,1,16,0.0
horaires_vacances_ete,1,16,0.0
mascot:*,2,16,0.0
barbecue,1,16,0.0
park,1,16,0.0
boundary_type:*,2,16,0.0
seveso,1,16,0.0
solarium,1,16,0.0
sa_cuerpo,1,16,0.0
destination_display,1,16,0.0
service_hours,1,16,0.0
certification:*,2,16,0.0
flow_rate,1,16,0.0
max_transaction,1,16,0.0
景点,1,16,0.0
availability,1,16,0.0
date_of_death,1,16,0.0
_waypoint_,1,16,0.0
parcelle,1,16,0.0
source_type_map,1,16,0.0
manor:*,1,16,0.0
erotic,1,16,0.0
marketplace_type,1,16,0.0
hazard_type,1,16,0.0
comedy,1,16,0.0
dishwasher,1,16,0.0
number zone,1,16,0.0
sat,1,16,0.0
parcel_receiving,1,16,0.0
caltrans:*,4,16,0.0
concentration_camp,1,16,0.0
gun:*,1,16,0.0
highway:*,2,15,0.0
gtfs_location_type,1,15,0.0
brand_1,1,15,0.0
nest_mount,1,15,0.0
hazmat,1,15,0.0
poi,1,15,0.0
email2,1,15,0.0
prepayment,1,15,0.0
sa_division,1,15,0.0
par,1,15,0.0
CajeroAutomatico,1,15,0.0
waypoint,1,15,0.0
sufficient_quantity,1,15,0.0
strobing_light,1,15,0.0
puesto_votacion,1,15,0.0
commercial,1,15,0.0
functioning,1,15,0.0
cb_communication_shop,1,15,0.0
reservoir_type,1,15,0.0
family,1,15,0.0
dry_clean,1,15,0.0
cabin:*,1,15,0.0
platform,1,15,0.0
vegetation,1,15,0.0
coffee_machine:*,1,15,0.0
add,1,15,0.0
smoking_hours,1,15,0.0
historic_status,1,15,0.0
CRNPDC:*,5,15,0.0
Nombre,1,15,0.0
OTI_HRI_COSMHA_project,1,15,0.0
latrine_bad,1,15,0.0
mechanism:*,2,15,0.0
device_charging_station,1,15,0.0
Shape_Leng,1,15,0.0
market,1,15,0.0
picture,1,15,0.0
landuse:*,2,15,0.0
wood,1,15,0.0
seafood:*,2,15,0.0
water_distribution,1,15,0.0
presbyterian,1,15,0.0
Id,1,15,0.0
stonemason,1,15,0.0
bust:*,8,15,0.0
courthouse,1,15,0.0
benches,1,15,0.0
roller_coaster:*,2,15,0.0
mešihat,1,15,0.0
cannabis,1,15,0.0
mapping_practices,1,15,0.0
village:*,1,15,0.0
copyshop,1,15,0.0
latrine_good,1,15,0.0
it,1,15,0.0
shared_taxi,1,15,0.0
email_2,1,15,0.0
succeeding_fee,1,15,0.0
Number zone,1,15,0.0
Shape_Area,1,15,0.0
system,1,15,0.0
purpose,1,15,0.0
medžlis,1,15,0.0
layby,1,15,0.0
bag,1,15,0.0
gdke:*,1,15,0.0
jewelry:*,1,15,0.0
water_heater,1,15,0.0
value,1,15,0.0
pinball,1,15,0.0
radar_key_needed,1,14,0.0
emitting,1,14,0.0
imagery_used,1,14,0.0
real_fire:*,2,14,0.0
capacity_water_storage_cm,1,14,0.0
NOTES,1,14,0.0
working:*,1,14,0.0
deposit_refund,1,14,0.0
fixme2,1,14,0.0
alt_name_3,1,14,0.0
chairs,1,14,0.0
produce_1,1,14,0.0
vat,1,14,0.0
restart_day,1,14,0.0
note_de,1,14,0.0
tj:*,1,14,0.0
transformer,1,14,0.0
area_featu,1,14,0.0
jobs,1,14,0.0
footway,1,14,0.0
beach,1,14,0.0
bathing,1,14,0.0
defensive,1,14,0.0
trough,1,14,0.0
discgolfmetrix:*,1,14,0.0
dispensing_hours,1,14,0.0
cash,1,14,0.0
dinner:*,3,14,0.0
compounding,1,14,0.0
lead_pharmacist,1,14,0.0
shop1,1,14,0.0
aed:*,7,14,0.0
financial,1,14,0.0
Note,1,14,0.0
amenity_3,1,14,0.0
trail_visibility,1,14,0.0
hammock:*,1,14,0.0
deposit_return_scheme,1,14,0.0
action:*,1,14,0.0
attribute_source_date,1,14,0.0
sb_vacuum_cleaners,1,14,0.0
motorcar:*,4,14,0.0
frontcooking,1,14,0.0
couplings:*,2,14,0.0
hammock,1,14,0.0
name_4,1,14,0.0
opening,1,14,0.0
source_ref2,1,14,0.0
subcity,1,14,0.0
fclass,1,14,0.0
provided_by,1,14,0.0
donation,1,14,0.0
alterations,1,14,0.0
persons_second_domicile,1,14,0.0
optician,1,14,0.0
activity:*,6,14,0.0
old_official_name:*,4,14,0.0
e_scooter:*,1,14,0.0
firesideint:*,1,14,0.0
part_of,1,14,0.0
capacity_water_storage_l,1,14,0.0
fetish,1,14,0.0
women_owned,1,14,0.0
distance_marker,1,14,0.0
waste_1,1,14,0.0
free_flying,1,14,0.0
place_number,1,14,0.0
automatic_public_convenience,1,14,0.0
fishing:*,6,14,0.0
food_truck,1,14,0.0
copia:*,2,14,0.0
lit_by_led,1,14,0.0
bus_routes,1,14,0.0
old_contact:*,4,14,0.0
black_owned,1,13,0.0
leatherware:*,1,13,0.0
detention,1,13,0.0
bodywork:*,1,13,0.0
photo_name,1,13,0.0
old_inscription,1,13,0.0
wayside,1,13,0.0
producto,1,13,0.0
housesuffix,1,13,0.0
ID_Ouvr,1,13,0.0
towards,1,13,0.0
geometry_source_name,1,13,0.0
gabbage_management,1,13,0.0
wildlife,1,13,0.0
solar_powered,1,13,0.0
mapillary_2,1,13,0.0
capacity_bed,1,13,0.0
butcher:*,7,13,0.0
note_3,1,13,0.0
steam_cleaner,1,13,0.0
importance:*,1,13,0.0
icao,1,13,0.0
source_ref1,1,13,0.0
toy,1,13,0.0
frozen_yogurt,1,13,0.0
pilgrimage:*,2,13,0.0
chamber,1,13,0.0
types,1,13,0.0
lamp_model:*,1,13,0.0
confession,1,13,0.0
taxi_type,1,13,0.0
electric_bicycle:*,4,13,0.0
Tipo,1,13,0.0
stadtteil,1,13,0.0
osmbasecamp,1,13,0.0
Profundidade,1,13,0.0
window:*,4,13,0.0
security_check,1,13,0.0
chip_scanner,1,13,0.0
flag,1,13,0.0
headlight,1,13,0.0
block,1,13,0.0
sink,1,13,0.0
hairdresser:*,4,13,0.0
dumping_site,1,13,0.0
toll_collect,1,13,0.0
SocEntMap,1,13,0.0
landform,1,13,0.0
plane,1,13,0.0
gtfs_stop_desc,1,13,0.0
fixme1,1,13,0.0
payment_terminal,1,13,0.0
kodinspire,1,13,0.0
eat_in,1,13,0.0
pentecostal,1,13,0.0
trees,1,13,0.0
playground_1,1,13,0.0
health_speciality,1,13,0.0
sitting_disability,1,13,0.0
subitem,1,13,0.0
lot,1,13,0.0
repair:*,5,13,0.0
table_service,1,13,0.0
separated,1,13,0.0
via_ferrata,1,13,0.0
Dimensões,1,13,0.0
re,1,13,0.0
Categoria,1,13,0.0
bda:*,2,13,0.0
light,1,13,0.0
bus:*,6,13,0.0
subdivision,1,13,0.0
lamp_ref,1,13,0.0
piste,1,13,0.0
projet,1,13,0.0
agroecology,1,13,0.0
sailboard:*,5,13,0.0
war_grave:*,1,13,0.0
user_defined,1,13,0.0
terminal,1,13,0.0
serving_system:*,4,13,0.0
recording,1,13,0.0
cigarettes,1,12,0.0
boundary_stone,1,12,0.0
western_union,1,12,0.0
fabric,1,12,0.0
electronics_repair:*,7,12,0.0
propietario,1,12,0.0
Social_Enterprise_Category,1,12,0.0
establish,1,12,0.0
european_cultural_path,1,12,0.0
biblioteca:*,2,12,0.0
kayak:*,1,12,0.0
bench_count,1,12,0.0
Site:*,2,12,0.0
rotatable,1,12,0.0
parking_info,1,12,0.0
swing_gate:*,1,12,0.0
clave_cata,1,12,0.0
historic_name,1,12,0.0
governance,1,12,0.0
mechanical_coupling,1,12,0.0
financial_advice:*,4,12,0.0
war_grave,1,12,0.0
aquarium,1,12,0.0
naturism,1,12,0.0
employment,1,12,0.0
cycleway,1,12,0.0
channel,1,12,0.0
artifact,1,12,0.0
gauge:*,8,12,0.0
old_description,1,12,0.0
munro,1,12,0.0
faa,1,12,0.0
indoor_squat,1,12,0.0
artillery,1,12,0.0
notary,1,12,0.0
hcare_ctc,1,12,0.0
open_fire,1,12,0.0
blacksmith,1,12,0.0
skateboard,1,12,0.0
animals,1,12,0.0
manga,1,12,0.0
instrument,1,12,0.0
hinge,1,12,0.0
branch_code,1,12,0.0
registration_date,1,12,0.0
kons:*,2,12,0.0
carryout,1,12,0.0
peak,1,12,0.0
RATP:*,3,12,0.0
cruising,1,12,0.0
linetype,1,12,0.0
review_requested,1,12,0.0
hand_disinfection,1,12,0.0
sigle,1,12,0.0
watermill,1,12,0.0
inscription_4,1,12,0.0
kf:*,3,12,0.0
Floor,1,12,0.0
washing_machine:*,9,12,0.0
num_local,1,12,0.0
IOM_project_DRR:*,1,12,0.0
golf_cart,1,12,0.0
Creator,1,12,0.0
phone_alt,1,12,0.0
was,1,12,0.0
Prefecture,1,12,0.0
water_source:*,2,12,0.0
ale,1,12,0.0
maxaxleload,1,12,0.0
food_bank,1,12,0.0
markings:*,1,12,0.0
epis,1,12,0.0
tank_cleaning_truck,1,12,0.0
skiing,1,12,0.0
paloalto_ca:*,1,12,0.0
pay_at_pump,1,12,0.0
vision,1,12,0.0
spring:*,1,12,0.0
relation:*,1,12,0.0
online_shopping,1,12,0.0
centro_ref,1,12,0.0
dispenser,1,12,0.0
max_age:*,4,12,0.0
STIF:*,1,12,0.0
garden_centre,1,12,0.0
NHS,1,12,0.0
chat_bench,1,12,0.0
organisationsnummer,1,12,0.0
numbers,1,12,0.0
purpose_of_equipment,1,11,0.0
aerodrome:*,1,11,0.0
fax:*,10,11,0.0
CovidVaccineCenterId,1,11,0.0
classe,1,11,0.0
broken:*,2,11,0.0
source_rcn,1,11,0.0
charity:*,3,11,0.0
reflective,1,11,0.0
valet,1,11,0.0
rent,1,11,0.0
business_type,1,11,0.0
fix,1,11,0.0
tactile,1,11,0.0
revenue,1,11,0.0
installation,1,11,0.0
public_service,1,11,0.0
bus_stop:*,2,11,0.0
provided_for,1,11,0.0
operator_2,1,11,0.0
enshrine,1,11,0.0
typ,1,11,0.0
archive,1,11,0.0
turning_circle,1,11,0.0
wake_up,1,11,0.0
name2,1,11,0.0
clothing,1,11,0.0
road_marking:*,1,11,0.0
detail,1,11,0.0
tablet:*,1,11,0.0
bank:*,5,11,0.0
scuba_diving,1,11,0.0
secure,1,11,0.0
seaway,1,11,0.0
arcade_game,1,11,0.0
digital_access,1,11,0.0
binoculars:*,3,11,0.0
order:*,6,11,0.0
lounge,1,11,0.0
cave,1,11,0.0
sewing,1,11,0.0
municipal,1,11,0.0
plug:*,3,11,0.0
plant:*,3,11,0.0
veikkaus,1,11,0.0
boundary_stone_date,1,11,0.0
ncn_ref,1,11,0.0
wikiversity,1,11,0.0
club:*,7,11,0.0
Rate,1,11,0.0
a,1,11,0.0
cross_type,1,11,0.0
OTI_HRI_COSMHA_project:*,1,11,0.0
Neighbourhood,1,11,0.0
activity,1,11,0.0
display_resolution,1,11,0.0
rail:*,1,11,0.0
mdm-id,1,11,0.0
pier:*,1,11,0.0
branch_ref,1,11,0.0
trolley_bay,1,11,0.0
birthday_party,1,11,0.0
moved_to:*,1,11,0.0
new,1,11,0.0
main,1,11,0.0
closest_town,1,11,0.0
bus_stop,1,11,0.0
about,1,11,0.0
raft_rental,1,11,0.0
horse_parking,1,11,0.0
representative_figure,1,11,0.0
diaper,1,11,0.0
cabin,1,11,0.0
tank_outlet_present,1,11,0.0
multiple,1,11,0.0
Quarter,1,11,0.0
OBJECTID,1,11,0.0
bearproof_storage,1,11,0.0
finished_laundry,1,11,0.0
disaster:*,2,11,0.0
niche,1,11,0.0
flood_depth,1,11,0.0
fuel_service,1,11,0.0
graham,1,11,0.0
FONCTION,1,11,0.0
sign:*,5,11,0.0
complementary_currency,1,11,0.0
alcohol:*,3,11,0.0
military:*,2,11,0.0
postal_addr:*,7,11,0.0
orienteering:*,1,11,0.0
booking:*,5,11,0.0
metal:*,3,11,0.0
skitour,1,11,0.0
nationality,1,11,0.0
nspn,1,11,0.0
lock_name,1,11,0.0
underwear,1,11,0.0
sites,1,11,0.0
number_of_chalets,1,11,0.0
love_locks,1,11,0.0
Regiogeld,1,11,0.0
alt_name_1:*,3,11,0.0
dontimport:*,5,11,0.0
waste_container,1,11,0.0
stage:*,4,11,0.0
signed,1,10,0.0
hot_tub,1,10,0.0
fence:*,4,10,0.0
tap_ref,1,10,0.0
agency_name,1,10,0.0
maaamet:*,2,10,0.0
health_service,1,10,0.0
basket_colour,1,10,0.0
checkfirst:*,1,10,0.0
picnic_site:*,1,10,0.0
cargobike,1,10,0.0
sidewalk,1,10,0.0
doctors:*,5,10,0.0
exit_only,1,10,0.0
bdouble,1,10,0.0
objectid,1,10,0.0
horario,1,10,0.0
fruit,1,10,0.0
blue_plaque:*,6,10,0.0
bus_bay,1,10,0.0
hcare_ors,1,10,0.0
rack,1,10,0.0
organ,1,10,0.0
waystone,1,10,0.0
door_in_door,1,10,0.0
martial_art,1,10,0.0
fire_truck:*,6,10,0.0
damage_per,1,10,0.0
MGRS,1,10,0.0
3d_printing,1,10,0.0
artwork_atelier,1,10,0.0
show,1,10,0.0
tools:*,4,10,0.0
roof_status,1,10,0.0
gpsfietsroute_nl_ref,1,10,0.0
qr_code:*,1,10,0.0
shooting_range,1,10,0.0
first_year_use,1,10,0.0
vending_2,1,10,0.0
plants,1,10,0.0
NFZ,1,10,0.0
general,1,10,0.0
placenta_pit,1,10,0.0
date:*,6,10,0.0
postmile,1,10,0.0
parcel_sending,1,10,0.0
nintendo,1,10,0.0
gis_pin,1,10,0.0
trade:*,3,10,0.0
CertStat,1,10,0.0
missile:*,2,10,0.0
sightseeing,1,10,0.0
ash_pit,1,10,0.0
electrical,1,10,0.0
boundary_marker,1,10,0.0
karst,1,10,0.0
educational,1,10,0.0
parking_tickets,1,10,0.0
cases:*,2,10,0.0
image8,1,10,0.0
damage_Per,1,10,0.0
building_entrance:*,7,10,0.0
illuminated,1,10,0.0
CertID,1,10,0.0
reg,1,10,0.0
jogging,1,10,0.0
aparat,1,10,0.0
cult,1,10,0.0
paragliding:*,7,10,0.0
households,1,10,0.0
campus,1,10,0.0
request_stop:*,1,10,0.0
flowers,1,10,0.0
short_name_1,1,10,0.0
mdb_id,1,10,0.0
tv:*,1,10,0.0
bank_statement_printer,1,10,0.0
lavoir,1,10,0.0
sparkling_water,1,10,0.0
baseball:*,3,10,0.0
holes,1,10,0.0
parking_tickets:*,2,10,0.0
baking_oven,1,10,0.0
mrv:*,2,10,0.0
portal:*,3,10,0.0
audible,1,10,0.0
kick_scooter_parking,1,10,0.0
ice_cream_counter,1,10,0.0
swinging,1,10,0.0
civilization,1,10,0.0
home_delivery,1,10,0.0
consignment,1,10,0.0
old_network,1,10,0.0
Support_service,1,10,0.0
dhm_id,1,10,0.0
adresse,1,10,0.0
voltage:*,2,10,0.0
rpo_center,1,10,0.0
coworking,1,10,0.0
picnic_site,1,10,0.0
inscription3,1,10,0.0
kinky,1,10,0.0
AWaP:*,5,10,0.0
fotodato,1,10,0.0
fire_station,1,10,0.0
weapons,1,10,0.0
educational_institution,1,10,0.0
MGRS:*,1,10,0.0
type_site,1,10,0.0
int_ref,1,10,0.0
betting,1,10,0.0
mural,1,10,0.0
basket_material,1,10,0.0
INN,1,10,0.0
specialization,1,10,0.0
water_well:*,3,10,0.0
art:*,4,10,0.0
photo:*,1,10,0.0
digital,1,10,0.0
departures,1,10,0.0
cantine,1,10,0.0
admin_type:*,1,10,0.0
garage,1,10,0.0
dormitory,1,10,0.0
maximum_height_requirement,1,10,0.0
landcover,1,10,0.0
wikivoyage:*,1,10,0.0
beauty_2,1,10,0.0
music:*,4,9,0.0
coin_op,1,9,0.0
surveyor_name,1,9,0.0
hearing_impaired:*,1,9,0.0
bathroom:*,3,9,0.0
registration,1,9,0.0
electronic money,1,9,0.0
Padrão de implantação,1,9,0.0
place_county,1,9,0.0
bag:*,4,9,0.0
darkroom,1,9,0.0
num,1,9,0.0
Niveau,1,9,0.0
upcycling,1,9,0.0
gaming,1,9,0.0
protection_object,1,9,0.0
built_date,1,9,0.0
FASTEIGNAH,1,9,0.0
defunct,1,9,0.0
weighbridge:*,2,9,0.0
salon,1,9,0.0
tank_trap,1,9,0.0
relief:*,5,9,0.0
traildock:*,1,9,0.0
other_name,1,9,0.0
ice_water,1,9,0.0
communications_transponder:*,3,9,0.0
electric_mofa,1,9,0.0
sculptor:*,2,9,0.0
sectional,1,9,0.0
entry,1,9,0.0
bicycle_racks,1,9,0.0
pin,1,9,0.0
grupo,1,9,0.0
seeds,1,9,0.0
shortest_name,1,9,0.0
wikivoyage,1,9,0.0
small_dog,1,9,0.0
old_operator:*,9,9,0.0
3dmr,1,9,0.0
delivery_point,1,9,0.0
filled,1,9,0.0
petarakyat,1,9,0.0
overnight,1,9,0.0
est_capacity,1,9,0.0
case:*,5,9,0.0
maptimela:*,1,9,0.0
emergency_control_centre:*,3,9,0.0
service_provided,1,9,0.0
sensory_friendly,1,9,0.0
saint_name,1,9,0.0
material_1,1,9,0.0
TAM:*,1,9,0.0
scolar_zone,1,9,0.0
icn_ref,1,9,0.0
attention,1,9,0.0
moped:*,5,9,0.0
membership:*,5,9,0.0
nest:*,1,9,0.0
taproom,1,9,0.0
DIR,1,9,0.0
wash_lighting,1,9,0.0
aerial,1,9,0.0
showers_durability,1,9,0.0
drinking_fountain,1,9,0.0
disk_repair,1,9,0.0
last_checked:*,3,9,0.0
gfoss_id,1,9,0.0
color,1,9,0.0
conflict,1,9,0.0
Facilities,1,9,0.0
needs_repair,1,9,0.0
building_type,1,9,0.0
watches,1,9,0.0
crash_date,1,9,0.0
happy_hours:*,4,9,0.0
store_number,1,9,0.0
personnel,1,9,0.0
cinemas,1,9,0.0
staffing,1,9,0.0
raf,1,9,0.0
fine:*,5,9,0.0
dumpsite,1,9,0.0
level_of_care,1,9,0.0
accessories,1,9,0.0
waste_bin,1,9,0.0
handrest,1,9,0.0
electricity_available,1,9,0.0
edit_date,1,9,0.0
devotion,1,9,0.0
outpost,1,9,0.0
lightning_lane,1,9,0.0
Editor,1,9,0.0
reef,1,9,0.0
ref_heritage,1,9,0.0
cannon,1,9,0.0
consultation,1,9,0.0
therapy,1,9,0.0
gun_turret,1,9,0.0
ts_calle,1,9,0.0
carpet:*,4,9,0.0
corbett,1,9,0.0
recharge,1,9,0.0
hospital_type,1,9,0.0
user,1,9,0.0
lojic:*,1,9,0.0
incorrect:*,3,9,0.0
rcn:*,1,9,0.0
operator_installation,1,9,0.0
logainm:*,2,9,0.0
affiliation:*,2,9,0.0
verbindung,1,9,0.0
walking_disability,1,9,0.0
safe_loops,1,9,0.0
commissioned_by,1,9,0.0
alt_name_4,1,9,0.0
font:*,1,9,0.0
barbeque,1,9,0.0
relief,1,9,0.0
berries,1,9,0.0
medžlis:*,1,9,0.0
siruta:*,7,9,0.0
public_figure,1,9,0.0
campwild,1,9,0.0
sled:*,1,8,0.0
currency,1,8,0.0
war,1,8,0.0
love_hotel,1,8,0.0
branch_code:*,1,8,0.0
wellness,1,8,0.0
fashion,1,8,0.0
STATUT,1,8,0.0
leisure_2,1,8,0.0
date_off,1,8,0.0
dirección,1,8,0.0
name_official,1,8,0.0
kick_scooter:*,2,8,0.0
mineral_water,1,8,0.0
relation,1,8,0.0
unused:*,3,8,0.0
nordic,1,8,0.0
table:*,3,8,0.0
visible,1,8,0.0
lanes:*,2,8,0.0
Horário de funcionamento,1,8,0.0
persons_third_domicile,1,8,0.0
pedestal,1,8,0.0
disaster_help_point:*,2,8,0.0
energy_saving_stove,1,8,0.0
ts_hacia,1,8,0.0
rapids,1,8,0.0
parasol,1,8,0.0
pottery,1,8,0.0
goals,1,8,0.0
visa:*,1,8,0.0
admin_ref,1,8,0.0
coloured,1,8,0.0
industry:*,1,8,0.0
wheel_repair,1,8,0.0
agent,1,8,0.0
prosecutor,1,8,0.0
hot_spring,1,8,0.0
ntd_id,1,8,0.0
baby_area,1,8,0.0
other,1,8,0.0
image9,1,8,0.0
ground_floor:*,1,8,0.0
depot,1,8,0.0
large,1,8,0.0
ultrasound,1,8,0.0
aircraft_type,1,8,0.0
classroom_number,1,8,0.0
evangelical,1,8,0.0
diving:*,5,8,0.0
cooled,1,8,0.0
current,1,8,0.0
pet:*,5,8,0.0
shower_access,1,8,0.0
fruits,1,8,0.0
watsan_handwashing:*,3,8,0.0
visit,1,8,0.0
graffiti,1,8,0.0
denotation:*,5,8,0.0
bar_billiards,1,8,0.0
ts_desde,1,8,0.0
meeting_room,1,8,0.0
security_desk,1,8,0.0
ESTD,1,8,0.0
bookmaker,1,8,0.0
tc:*,1,8,0.0
ship_transport,1,8,0.0
designer,1,8,0.0
byob,1,8,0.0
occupant,1,8,0.0
geology,1,8,0.0
gezinsbond,1,8,0.0
shelter_shape,1,8,0.0
schnapsbrunnen,1,8,0.0
arrival_times,1,8,0.0
tyre_repair,1,8,0.0
Uso atual da área,1,8,0.0
range,1,8,0.0
saint:*,2,8,0.0
rooftop,1,8,0.0
double_site,1,8,0.0
wlan:*,2,8,0.0
windsurfing:*,2,8,0.0
practitioners,1,8,0.0
opening_time,1,8,0.0
Nom,1,8,0.0
centrelink:*,4,8,0.0
cross,1,8,0.0
b2b,1,8,0.0
open_date,1,8,0.0
donated_by,1,8,0.0
piano:*,2,8,0.0
class:*,4,8,0.0
ESCUELA,1,8,0.0
certified_email,1,8,0.0
exit_to,1,8,0.0
Projet,1,8,0.0
CAB:*,1,8,0.0
frequency:*,8,8,0.0
moved:*,6,8,0.0
reuse,1,8,0.0
underground_container,1,8,0.0
OBSERVACIONES,1,8,0.0
godawari municipality,1,8,0.0
international_phone,1,8,0.0
luggage_storage:*,6,8,0.0
washers,1,8,0.0
bicycle_repair_station:*,1,8,0.0
slot_machines,1,8,0.0
Municipality,1,8,0.0
maxweightrating:*,3,8,0.0
lamp_ref_swd,1,8,0.0
broken,1,8,0.0
ministry,1,8,0.0
CASUD:*,2,8,0.0
waste_disposal_medical,1,8,0.0
bags,1,8,0.0
book,1,8,0.0
refurbished,1,8,0.0
tax_id,1,8,0.0
vatin,1,8,0.0
iid,1,8,0.0
memorial_1,1,8,0.0
damaged:*,8,8,0.0
hardware:*,5,8,0.0
infirmary,1,8,0.0
wayside_chapel,1,8,0.0
infirmieres,1,8,0.0
gsm,1,8,0.0
direction_togo,1,8,0.0
basin,1,8,0.0
nowebsite,1,8,0.0
fitness_centre:*,3,8,0.0
cycleway:*,2,8,0.0
ts_orientacion,1,8,0.0
banknote_out,1,8,0.0
old_denomination,1,8,0.0
hcare_ctu,1,8,0.0
vehicle_type,1,8,0.0
building_supplies,1,8,0.0
conscious_cup,1,8,0.0
mounting,1,8,0.0
emuia:*,1,8,0.0
lev,1,8,0.0
parking_slots,1,8,0.0
bed_capacity,1,8,0.0
gpl,1,8,0.0
maze,1,8,0.0
transport_card_pay,1,8,0.0
contractor,1,8,0.0
farm_boxes,1,8,0.0
HBTC,1,8,0.0
marilyn,1,8,0.0
obstacle,1,8,0.0
responsible,1,8,0.0
hiking:*,4,8,0.0
driving_school,1,8,0.0
allegory,1,8,0.0
outlet_store,1,8,0.0
watches:*,1,8,0.0
photographer,1,8,0.0
alt_image,1,8,0.0
note_4,1,8,0.0
rcdb_id,1,7,0.0
healthtype,1,7,0.0
name_loc,1,7,0.0
pseudo,1,7,0.0
luggage_storage,1,7,0.0
scales,1,7,0.0
day_surgery,1,7,0.0
hallal,1,7,0.0
community_work,1,7,0.0
conveying,1,7,0.0
blokker:*,1,7,0.0
fastpass,1,7,0.0
sealed,1,7,0.0
capacity_park_ride,1,7,0.0
bmv:*,1,7,0.0
standard_testing:*,7,7,0.0
tty,1,7,0.0
mooring:*,2,7,0.0
historic_landmark,1,7,0.0
phone_number,1,7,0.0
student,1,7,0.0
ntom,1,7,0.0
capacity_lits,1,7,0.0
pay,1,7,0.0
veryfication,1,7,0.0
vdcname,1,7,0.0
dumpster_diving,1,7,0.0
department:*,6,7,0.0
trench,1,7,0.0
locksmith,1,7,0.0
payment_amount,1,7,0.0
restoration_date,1,7,0.0
learning,1,7,0.0
marine,1,7,0.0
min_clothing:*,1,7,0.0
stage,1,7,0.0
inline_skating,1,7,0.0
level_1,1,7,0.0
infant_bed,1,7,0.0
cofg:*,1,7,0.0
service_1,1,7,0.0
roller_coaster,1,7,0.0
videoke,1,7,0.0
activation,1,7,0.0
walk_in,1,7,0.0
give_box,1,7,0.0
becknified,1,7,0.0
providerId,1,7,0.0
shop_5,1,7,0.0
dry_toilet,1,7,0.0
BS:*,7,7,0.0
occupied,1,7,0.0
internet_cafe,1,7,0.0
障害者用駐車場,1,7,0.0
駐車場,1,7,0.0
ADMINSTATE,1,7,0.0
start_year,1,7,0.0
coordinates,1,7,0.0
fryup,1,7,0.0
education_fee,1,7,0.0
boxes,1,7,0.0
temple,1,7,0.0
hash,1,7,0.0
amenity_4,1,7,0.0
reception,1,7,0.0
cleaning,1,7,0.0
ewmapa:*,3,7,0.0
kismet:*,1,7,0.0
woman,1,7,0.0
request_stop,1,7,0.0
敷地内通路,1,7,0.0
creche,1,7,0.0
thirdplace,1,7,0.0
priority_road,1,7,0.0
old_ele,1,7,0.0
tyres_service,1,7,0.0
number_of_users,1,7,0.0
border,1,7,0.0
man_made:*,5,7,0.0
lbcs:*,3,7,0.0
wmch_name,1,7,0.0
townhall,1,7,0.0
UUID,1,7,0.0
bio,1,7,0.0
route_ref:*,3,7,0.0
mapping_error,1,7,0.0
accountant,1,7,0.0
bulky_waste,1,7,0.0
castle,1,7,0.0
Horário de atendimento:*,1,7,0.0
low_waste,1,7,0.0
maxairdraft,1,7,0.0
condition:*,2,7,0.0
slipway,1,7,0.0
sources,1,7,0.0
valid_in,1,7,0.0
marker_material,1,7,0.0
local_government,1,7,0.0
diameter:*,2,7,0.0
subtitle,1,7,0.0
nris_id,1,7,0.0
ts_codigo,1,7,0.0
souvenir,1,7,0.0
feature_type,1,7,0.0
kebele,1,7,0.0
lodging,1,7,0.0
price_range,1,7,0.0
rating:*,1,7,0.0
family_centre,1,7,0.0
canton,1,7,0.0
monorail,1,7,0.0
audio:*,3,7,0.0
rollerskates,1,7,0.0
start_date_information,1,7,0.0
pictogram:*,1,7,0.0
guest_rate,1,7,0.0
priority:*,2,7,0.0
est_end_date,1,7,0.0
rvn:*,4,7,0.0
unofficial,1,7,0.0
created,1,7,0.0
truck_oil_changes,1,7,0.0
ups_community,1,7,0.0
parcel_pickup:*,2,7,0.0
archdeaconry,1,7,0.0
vdccode,1,7,0.0
high_ropes_course,1,7,0.0
division,1,7,0.0
seating:*,2,7,0.0
access_sign,1,7,0.0
raw_material,1,7,0.0
piano,1,7,0.0
public_building,1,7,0.0
lines:*,1,7,0.0
air_conditioned,1,7,0.0
stone:*,2,7,0.0
desc:*,1,7,0.0
power:*,3,7,0.0
separate_seats,1,7,0.0
alt_contact:*,2,7,0.0
buys:*,5,7,0.0
sensor:*,1,7,0.0
candles,1,7,0.0
fortified_subsector,1,7,0.0
outdoors,1,7,0.0
crime,1,7,0.0
fortified_sector,1,7,0.0
ethnic,1,7,0.0
pawnbroker,1,7,0.0
carpet,1,7,0.0
mofa:*,3,7,0.0
register,1,7,0.0
energy,1,7,0.0
sport_3,1,7,0.0
ihb_id,1,7,0.0
operator_office,1,7,0.0
sho,1,7,0.0
name_full,1,7,0.0
shift,1,7,0.0
big_width,1,7,0.0
item,1,7,0.0
statuary_group,1,7,0.0
public_access,1,7,0.0
shopping,1,7,0.0
old_description:*,4,7,0.0
mural:*,1,7,0.0
politician,1,7,0.0
strap_line,1,7,0.0
sushi,1,7,0.0
grave_candles,1,7,0.0
actuator,1,7,0.0
liquor,1,7,0.0
college:*,3,7,0.0
table_soccer,1,7,0.0
rowing_rental,1,7,0.0
non_profit,1,7,0.0
description_3,1,7,0.0
recreation:*,4,7,0.0
maintenance:*,1,7,0.0
yomi,1,7,0.0
stop_times,1,7,0.0
audio_tour,1,7,0.0
src,1,7,0.0
alimentation,1,7,0.0
勢州七福神めぐり,1,7,0.0
nudism:*,1,7,0.0
technical_type,1,7,0.0
magic:*,2,7,0.0
craft_2,1,7,0.0
crime_date,1,7,0.0
masonry,1,7,0.0
playground_2,1,7,0.0
grocery,1,7,0.0
rehabilitation:*,1,7,0.0
artificial,1,7,0.0
hammam,1,7,0.0
Etapas de ensino,1,7,0.0
fishing_bait:*,3,7,0.0
uid,1,7,0.0
tel,1,7,0.0
parking_capacity,1,7,0.0
press,1,7,0.0
personnel_support,1,7,0.0
base_material_values,1,7,0.0
ref_pa,1,7,0.0
cooler,1,7,0.0
weighbridge,1,7,0.0
ine:*,1,7,0.0
dryer:*,7,7,0.0
wifi:*,4,7,0.0
fence,1,7,0.0
social,1,7,0.0
waste_2,1,7,0.0
rev,1,7,0.0
self_checkin,1,7,0.0
epoch,1,7,0.0
podium,1,7,0.0
exhibition,1,7,0.0
phone_charging,1,7,0.0
shop_number,1,6,0.0
deaddrop:*,3,6,0.0
gez:*,1,6,0.0
specialties,1,6,0.0
funicular,1,6,0.0
leather:*,1,6,0.0
farmyard,1,6,0.0
assortment,1,6,0.0
vaping,1,6,0.0
traffic_park,1,6,0.0
conference:*,1,6,0.0
maxweight:*,3,6,0.0
marina,1,6,0.0
trailhead,1,6,0.0
community_facility,1,6,0.0
pin_code,1,6,0.0
dockless,1,6,0.0
game_feeding,1,6,0.0
represented_date,1,6,0.0
tool,1,6,0.0
size:*,1,6,0.0
bath,1,6,0.0
two_bed_room,1,6,0.0
attached_table,1,6,0.0
old_end_date,1,6,0.0
model_number,1,6,0.0
camera,1,6,0.0
egress,1,6,0.0
maxwithdrawal,1,6,0.0
call_box,1,6,0.0
give_box:*,2,6,0.0
learnica,1,6,0.0
handy,1,6,0.0
moved_from:*,1,6,0.0
rows,1,6,0.0
users,1,6,0.0
front:*,1,6,0.0
image_3,1,6,0.0
waiting_room,1,6,0.0
developer,1,6,0.0
exploitant,1,6,0.0
printing,1,6,0.0
prepaid_top_up,1,6,0.0
capacity_surface,1,6,0.0
plat,1,6,0.0
vintage:*,1,6,0.0
phone_3,1,6,0.0
archaeological_site_1,1,6,0.0
refrigerator,1,6,0.0
in_service,1,6,0.0
donald,1,6,0.0
former_amenity,1,6,0.0
wastecontainer,1,6,0.0
alsh:*,2,6,0.0
drying:*,1,6,0.0
literatur,1,6,0.0
shelter_type:*,2,6,0.0
numberplaque,1,6,0.0
fortification,1,6,0.0
exercise,1,6,0.0
amenity2,1,6,0.0
operating_hours:*,1,6,0.0
product_1,1,6,0.0
music_venue,1,6,0.0
note1,1,6,0.0
3dr:*,2,6,0.0
old_email,1,6,0.0
public_bookcase,1,6,0.0
feeding,1,6,0.0
travel_agency,1,6,0.0
NHD:*,6,6,0.0
gifts,1,6,0.0
waterhole,1,6,0.0
initiative,1,6,0.0
rice_polishing:*,3,6,0.0
hand_made,1,6,0.0
switch,1,6,0.0
household,1,6,0.0
social_website,1,6,0.0
nam,1,6,0.0
dfi,1,6,0.0
fur,1,6,0.0
dried_fruits,1,6,0.0
Fixme,1,6,0.0
loading_dock:*,1,6,0.0
Elevation,1,6,0.0
opened,1,6,0.0
invisible,1,6,0.0
waterbed,1,6,0.0
alt_name_2:*,2,6,0.0
COPA_ID,1,6,0.0
quartier,1,6,0.0
chipcard,1,6,0.0
product_pickup:*,1,6,0.0
monastery,1,6,0.0
swingolf,1,6,0.0
billboard,1,6,0.0
employment_agency,1,6,0.0
bonnet:*,1,6,0.0
garden_machinery:*,2,6,0.0
bags:*,1,6,0.0
xray,1,6,0.0
alt_branch,1,6,0.0
shabya_cd,1,6,0.0
gymnastics,1,6,0.0
roofed,1,6,0.0
depicts,1,6,0.0
date_of_birth,1,6,0.0
name_ref,1,6,0.0
SS_SECTEUR,1,6,0.0
ta:*,1,6,0.0
ope,1,6,0.0
electrician,1,6,0.0
publishing,1,6,0.0
bed_and_bike,1,6,0.0
gns_ufi,1,6,0.0
train:*,2,6,0.0
display_name,1,6,0.0
memo,1,6,0.0
minibus:*,2,6,0.0
renovation_date,1,6,0.0
is_capital,1,6,0.0
food_sharing,1,6,0.0
edinburgh_fringe:*,5,6,0.0
removable,1,6,0.0
box,1,6,0.0
left_luggage,1,6,0.0
closing_date,1,6,0.0
paintball,1,6,0.0
website_3,1,6,0.0
treat:*,1,6,0.0
marketplace_status,1,6,0.0
apartheid_free_zone:*,1,6,0.0
section,1,6,0.0
alt_source,1,6,0.0
olympic_gold,1,6,0.0
forks,1,6,0.0
route_name,1,6,0.0
recreation,1,6,0.0
gardener,1,6,0.0
fairy,1,6,0.0
taqueria,1,6,0.0
artwork_type:*,2,6,0.0
障害者用トイレ,1,6,0.0
traffic,1,6,0.0
_tip_,1,6,0.0
famous for,1,6,0.0
optician:*,3,6,0.0
note_5,1,6,0.0
acres,1,6,0.0
sup_rental,1,6,0.0
hotline,1,6,0.0
target:*,6,6,0.0
information_plate:*,1,6,0.0
restoration,1,6,0.0
review:*,1,6,0.0
buy,1,6,0.0
Ratio eleve/enseignant,1,6,0.0
points:*,1,6,0.0
audible:*,1,6,0.0
cbd,1,6,0.0
inside_atm,1,6,0.0
alt_name_5,1,6,0.0
tethered,1,6,0.0
live_sport,1,6,0.0
via:*,6,6,0.0
health_insurance,1,6,0.0
copy,1,6,0.0
tobacconist,1,6,0.0
vegan,1,6,0.0
ups_school,1,6,0.0
submerged,1,6,0.0
wall_loops,1,6,0.0
radio:*,2,6,0.0
dressmaker:*,2,6,0.0
fire_service:*,1,6,0.0
grill_grate,1,6,0.0
ride_sharing:*,1,6,0.0
cooker:*,3,6,0.0
sanitation:*,3,6,0.0
order_and_pickup,1,6,0.0
medecins,1,6,0.0
campervans,1,6,0.0
disaster,1,6,0.0
build_date,1,6,0.0
shinto:*,1,6,0.0
c4chofu:*,1,6,0.0
utility:*,2,6,0.0
unmil:*,1,6,0.0
mgp:*,4,6,0.0
fire_brigade,1,6,0.0
freezer,1,6,0.0
board_size,1,6,0.0
publisher,1,6,0.0
amusement_arcade,1,6,0.0
financial_advice,1,6,0.0
drinking,1,6,0.0
sub_ref,1,6,0.0
day_off,1,6,0.0
mappinggroup,1,6,0.0
isolation,1,6,0.0
organ:*,4,6,0.0
gst:*,1,6,0.0
Price,1,6,0.0
dessert,1,6,0.0
nettorama:*,1,6,0.0
OBJET,1,6,0.0
change,1,6,0.0
paddleboard_rental,1,6,0.0
metc:*,2,6,0.0
van_accessible,1,6,0.0
addr3:*,2,6,0.0
solar,1,6,0.0
flats,1,6,0.0
tree_form,1,5,0.0
mailbox_rental,1,5,0.0
expensive,1,5,0.0
juice,1,5,0.0
url2,1,5,0.0
basket:*,2,5,0.0
atp_ref,1,5,0.0
lit_operational_status,1,5,0.0
fablab,1,5,0.0
production,1,5,0.0
square:*,1,5,0.0
esr:*,1,5,0.0
accor_ticket_acceptant,1,5,0.0
IT:*,2,5,0.0
candle:*,1,5,0.0
validate:*,2,5,0.0
atv,1,5,0.0
died,1,5,0.0
click_and_collect,1,5,0.0
betreiber,1,5,0.0
music_school,1,5,0.0
agricultural:*,1,5,0.0
curbside_pickup,1,5,0.0
one_bed_room,1,5,0.0
via_ferrata_scale,1,5,0.0
outdoor:*,3,5,0.0
mahale,1,5,0.0
ifsc,1,5,0.0
districtna,1,5,0.0
battlefield:*,1,5,0.0
hyperbaric_chamber:*,5,5,0.0
Url:*,1,5,0.0
pluscode,1,5,0.0
selling,1,5,0.0
howitzer:*,1,5,0.0
est_diameter,1,5,0.0
bring_own_bbq,1,5,0.0
fridge:*,2,5,0.0
PMU,1,5,0.0
telecommunication:*,1,5,0.0
mailbox,1,5,0.0
spare_parts,1,5,0.0
transformer:*,3,5,0.0
travel_agent,1,5,0.0
mc_cafe,1,5,0.0
last_survey_date,1,5,0.0
Horário de funcionamento:*,1,5,0.0
njgin:*,1,5,0.0
forklift:*,3,5,0.0
other_brands,1,5,0.0
hour_on,1,5,0.0
municipal:*,1,5,0.0
protection_status,1,5,0.0
branch_cod,1,5,0.0
private_rooms,1,5,0.0
mailtypes,1,5,0.0
driving,1,5,0.0
community_center,1,5,0.0
customer_service,1,5,0.0
topless,1,5,0.0
2tag,1,5,0.0
medallion:*,4,5,0.0
FOLIO GRAL.,1,5,0.0
fee_charging,1,5,0.0
sailing,1,5,0.0
electric_car,1,5,0.0
video_games,1,5,0.0
replaced:*,1,5,0.0
branch_name:*,1,5,0.0
functionality,1,5,0.0
archaeological_site:*,3,5,0.0
spices,1,5,0.0
CAMRA_id,1,5,0.0
wikimedia_commons_2,1,5,0.0
opensource,1,5,0.0
artistic,1,5,0.0
lost_property,1,5,0.0
extension,1,5,0.0
youth_centre,1,5,0.0
mapping_status,1,5,0.0
denomination_1,1,5,0.0
bak:*,3,5,0.0
tcg,1,5,0.0
openfire:*,3,5,0.0
curbside,1,5,0.0
firstaid:*,1,5,0.0
integrated_farming,1,5,0.0
family_friendly,1,5,0.0
accessible,1,5,0.0
handicraft,1,5,0.0
luggage:*,1,5,0.0
red,1,5,0.0
stand_count,1,5,0.0
wasan_toilet:*,1,5,0.0
listed_status:*,2,5,0.0
vedp:*,5,5,0.0
wedding,1,5,0.0
deaf,1,5,0.0
sez_ele,1,5,0.0
transportation_use_category,1,5,0.0
tobacco:*,3,5,0.0
ie,1,5,0.0
slide,1,5,0.0
camp_assessed,1,5,0.0
livery,1,5,0.0
Condição atual da área,1,5,0.0
max_depth,1,5,0.0
pothole,1,5,0.0
upholstery:*,1,5,0.0
caracteristica,1,5,0.0
content:*,3,5,0.0
niveau,1,5,0.0
costo,1,5,0.0
carbonized,1,5,0.0
tlda:*,1,5,0.0
village_id,1,5,0.0
gaming_lounge,1,5,0.0
fashion_accessories,1,5,0.0
removal_hours,1,5,0.0
snak,1,5,0.0
screen:*,4,5,0.0
wayside_shrine:*,3,5,0.0
oil,1,5,0.0
particle_accelerator,1,5,0.0
security_zone,1,5,0.0
latest_development:*,1,5,0.0
flour,1,5,0.0
smoll,1,5,0.0
hour_off,1,5,0.0
tools,1,5,0.0
wrong_name,1,5,0.0
author:*,3,5,0.0
settlement:*,1,5,0.0
surveyor,1,5,0.0
watering_place:*,2,5,0.0
ventilation:*,3,5,0.0
pegasus,1,5,0.0
stf:*,2,5,0.0
broetchentaste,1,5,0.0
maxcharge,1,5,0.0
cartype,1,5,0.0
access_simple,1,5,0.0
Ratio eleve/bancs,1,5,0.0
sez_cens,1,5,0.0
control,1,5,0.0
honesty_box,1,5,0.0
eatin,1,5,0.0
latest_development,1,5,0.0
bath_type,1,5,0.0
bmo:*,1,5,0.0
ezwich,1,5,0.0
largeur,1,5,0.0
SME:*,1,5,0.0
bilingual_street_sign,1,5,0.0
meat_counter,1,5,0.0
information_website,1,5,0.0
hike,1,5,0.0
Location,1,5,0.0
structure operationel,1,5,0.0
webcam,1,5,0.0
lot_no,1,5,0.0
cooking:*,2,5,0.0
pictogram,1,5,0.0
free to use?,1,5,0.0
barrierfree:*,1,5,0.0
gtfs_parent_station,1,5,0.0
globalid,1,5,0.0
vvd_number,1,5,0.0
helpdesk_type,1,5,0.0
institute,1,5,0.0
panorama,1,5,0.0
insert_workpiece,1,5,0.0
hotel:*,2,5,0.0
alberta_school_number,1,5,0.0
geomapcastro_code,1,5,0.0
alt_official_name,1,5,0.0
recycling_centre,1,5,0.0
paifang:*,3,5,0.0
drone,1,5,0.0
old_shop:*,3,5,0.0
municipality,1,5,0.0
boiler:*,1,5,0.0
total_staff,1,5,0.0
tomb:*,3,5,0.0
board_rental,1,5,0.0
firearms:*,1,5,0.0
rentable,1,5,0.0
LinkNYC_Site_ID,1,5,0.0
nhle:*,1,5,0.0
highest_point,1,5,0.0
theme:*,4,5,0.0
number_of_traders,1,5,0.0
aca:*,4,5,0.0
age_range,1,5,0.0
veterinary_farmacy,1,5,0.0
number_of_racks,1,5,0.0
alias,1,5,0.0
court_srf,1,5,0.0
information_text,1,5,0.0
cafe:*,2,5,0.0
ref_2,1,5,0.0
health_person,1,5,0.0
Comments,1,5,0.0
sports_centre,1,5,0.0
Nombre de bancs,1,5,0.0
arts_centre,1,5,0.0
comfirmed,1,5,0.0
cigars,1,5,0.0
alimentation electrique,1,5,0.0
bench_type,1,5,0.0
kettle,1,5,0.0
estd,1,5,0.0
kml:*,1,5,0.0
mental_health,1,5,0.0
service_area,1,5,0.0
mechanical_bike,1,5,0.0
chiefdom_degree,1,5,0.0
1900name,1,5,0.0
BP,1,5,0.0
cycle_barrier,1,5,0.0
landfill,1,5,0.0
jetski,1,5,0.0
olympics:*,1,5,0.0
ventilation,1,5,0.0
kitesurfing:*,2,5,0.0
architecture,1,5,0.0
zoom_level,1,5,0.0
old_image,1,5,0.0
sweets,1,5,0.0
landuse_1,1,5,0.0
comfy,1,5,0.0
guestbook,1,5,0.0
machinery,1,5,0.0
changing_room,1,5,0.0
governance_type,1,5,0.0
marketing,1,5,0.0
dogs,1,5,0.0
born,1,5,0.0
figurine,1,5,0.0
working_test:*,1,5,0.0
vacuum,1,5,0.0
artwork_date,1,5,0.0
leather,1,5,0.0
geoglyph:*,1,5,0.0
reusable_packaging,1,5,0.0
reformed,1,5,0.0
sahra,1,5,0.0
number_of_staff,1,5,0.0
santa-fe-community-profile,1,5,0.0
name_5,1,5,0.0
bells,1,5,0.0
bakery_service,1,5,0.0
consecrated,1,5,0.0
old,1,5,0.0
post_partner:*,1,5,0.0
resurvey,1,5,0.0
consultant,1,5,0.0
nombre_estadisticas,1,5,0.0
santa-fe-chamber-of-commerce,1,5,0.0
shop_animals,1,5,0.0
camp_registered,1,5,0.0
coworking_space,1,5,0.0
ref_source,1,5,0.0
homeless_shelter:*,4,5,0.0
studio:*,1,5,0.0
fax_1,1,5,0.0
old_name3,1,5,0.0
lending,1,5,0.0
de:*,1,5,0.0
general_medicine,1,5,0.0
washroom,1,5,0.0
mimics:*,5,5,0.0
džemat,1,5,0.0
construction_end_expected,1,5,0.0
blue_plaque,1,5,0.0
codvia,1,5,0.0
routing:*,1,5,0.0
overgrown,1,5,0.0
dgpc:*,1,5,0.0
description3,1,5,0.0
planetarium:*,4,5,0.0
monument_type,1,5,0.0
artwork_name,1,5,0.0
oneway:*,3,5,0.0
relic,1,5,0.0
craft_keg,1,5,0.0
oldtimer:*,1,5,0.0
parcel_dimensions,1,5,0.0
rcn_name,1,5,0.0
primitive,1,5,0.0
Series,1,5,0.0
boat_rental,1,5,0.0
Principal,1,5,0.0
antihomeless,1,5,0.0
formerly,1,5,0.0
tactile_map,1,5,0.0
bus_lines,1,4,0.0
man_made_1,1,4,0.0
by:*,2,4,0.0
scouts:*,2,4,0.0
coins,1,4,0.0
shelf,1,4,0.0
number_of_student,1,4,0.0
sewer_vent:*,2,4,0.0
wireless,1,4,0.0
chicken,1,4,0.0
archeology,1,4,0.0
Inhaber,1,4,0.0
cn_tud:*,1,4,0.0
accepts:*,4,4,0.0
cats,1,4,0.0
machine,1,4,0.0
alt_amenity,1,4,0.0
enforcement_type,1,4,0.0
plastic,1,4,0.0
otro,1,4,0.0
tanning,1,4,0.0
poster,1,4,0.0
fast_food:*,3,4,0.0
alt_artist_name,1,4,0.0
employment_agency:*,1,4,0.0
banquet,1,4,0.0
outdoor_seating_1,1,4,0.0
WFP:*,1,4,0.0
stink,1,4,0.0
franked,1,4,0.0
old_phone_box,1,4,0.0
founder_short_name,1,4,0.0
line:*,1,4,0.0
flooring,1,4,0.0
glaziery,1,4,0.0
passing_place,1,4,0.0
cycling:*,2,4,0.0
winter,1,4,0.0
dedicated_to:*,3,4,0.0
sailboard_rental,1,4,0.0
jacuzzi,1,4,0.0
maxdraught,1,4,0.0
mobile_guide,1,4,0.0
geomorphological,1,4,0.0
cycle_barrier:*,1,4,0.0
youth_centre:*,2,4,0.0
bowling,1,4,0.0
guided_tour,1,4,0.0
kitchen_area,1,4,0.0
vocational,1,4,0.0
campsite,1,4,0.0
nota,1,4,0.0
Info,1,4,0.0
hammocks,1,4,0.0
valley,1,4,0.0
state_service,1,4,0.0
guide_routes,1,4,0.0
investitor,1,4,0.0
campfire,1,4,0.0
osmica:*,1,4,0.0
S57Node,1,4,0.0
vicarage,1,4,0.0
engraving,1,4,0.0
level_name,1,4,0.0
electricboat_rental,1,4,0.0
official:*,2,4,0.0
fare_zone,1,4,0.0
honey,1,4,0.0
greenery,1,4,0.0
funder,1,4,0.0
buying,1,4,0.0
atelier,1,4,0.0
max_use,1,4,0.0
tents:*,2,4,0.0
ref ,1,4,0.0
castle_location,1,4,0.0
lowered,1,4,0.0
fallen,1,4,0.0
enshrine:*,4,4,0.0
dedicated,1,4,0.0
guided_tours,1,4,0.0
Clasificar,1,4,0.0
headquarters,1,4,0.0
pyrotechnics,1,4,0.0
poles,1,4,0.0
bunker,1,4,0.0
legal_type,1,4,0.0
amenities,1,4,0.0
abbr_name:*,1,4,0.0
human,1,4,0.0
inception,1,4,0.0
arcade,1,4,0.0
treated,1,4,0.0
livestock,1,4,0.0
fietscafe,1,4,0.0
live_sports,1,4,0.0
old_facebook,1,4,0.0
revolving,1,4,0.0
caution_money,1,4,0.0
zone_id,1,4,0.0
program,1,4,0.0
mobile_home:*,4,4,0.0
instore,1,4,0.0
radio,1,4,0.0
medicine,1,4,0.0
physically_challenged,1,4,0.0
milk:*,3,4,0.0
bird_hide,1,4,0.0
community_resource,1,4,0.0
inbound,1,4,0.0
bmx:*,1,4,0.0
decoration,1,4,0.0
horaire,1,4,0.0
hsmbc:*,1,4,0.0
boot_scraper,1,4,0.0
fax_Extension,1,4,0.0
ufrn:*,1,4,0.0
location_side,1,4,0.0
source_3,1,4,0.0
profession,1,4,0.0
dog_park,1,4,0.0
danger,1,4,0.0
tax_advisor,1,4,0.0
WardCode,1,4,0.0
motor,1,4,0.0
perfumery,1,4,0.0
cultural,1,4,0.0
hospital_type_id,1,4,0.0
conference,1,4,0.0
boatyard:*,1,4,0.0
skatepark:*,4,4,0.0
RIB,1,4,0.0
rf:*,3,4,0.0
chapel:*,1,4,0.0
features,1,4,0.0
no_return,1,4,0.0
alert:*,2,4,0.0
heri,1,4,0.0
weapon,1,4,0.0
point,1,4,0.0
delivering,1,4,0.0
elementary,1,4,0.0
mission,1,4,0.0
aed,1,4,0.0
pound,1,4,0.0
electronic_information_board,1,4,0.0
religious,1,4,0.0
soap_possible,1,4,0.0
tin_fc_code,1,4,0.0
inheritance,1,4,0.0
launch,1,4,0.0
Tag,1,4,0.0
pho,1,4,0.0
compacting,1,4,0.0
image_pointofinterest,1,4,0.0
Commune,1,4,0.0
local_code,1,4,0.0
dog_bowl,1,4,0.0
child_friendly,1,4,0.0
old_clothes,1,4,0.0
port,1,4,0.0
vendor,1,4,0.0
office_2,1,4,0.0
ouverture,1,4,0.0
ticket:*,4,4,0.0
image_4,1,4,0.0
ward_name,1,4,0.0
adult,1,4,0.0
commerce,1,4,0.0
canoeing,1,4,0.0
notice_board,1,4,0.0
conscriptionnumber,1,4,0.0
units:*,4,4,0.0
draught,1,4,0.0
exterior_seating,1,4,0.0
hand_cleaning_paste:*,2,4,0.0
spirce,1,4,0.0
swearing,1,4,0.0
tmp,1,4,0.0
localisation,1,4,0.0
adormo:*,2,4,0.0
metal_construction,1,4,0.0
ele_local,1,4,0.0
watering:*,2,4,0.0
tombstone,1,4,0.0
number_of_devices,1,4,0.0
inf,1,4,0.0
sort_code,1,4,0.0
digital_access:*,1,4,0.0
oxygen_therapy:*,1,4,0.0
maker,1,4,0.0
valet:*,2,4,0.0
moneygram,1,4,0.0
branch_1,1,4,0.0
paint,1,4,0.0
health_person_type,1,4,0.0
glass:*,4,4,0.0
prison:*,3,4,0.0
produce_2,1,4,0.0
management,1,4,0.0
well_sweep,1,4,0.0
paper_supply,1,4,0.0
bedcost,1,4,0.0
extinguishing:*,1,4,0.0
paybyphone:*,4,4,0.0
internet_service_provider,1,4,0.0
closing_hours,1,4,0.0
parkzone,1,4,0.0
mobile_bank,1,4,0.0
leistung,1,4,0.0
secolo,1,4,0.0
alt_short_name,1,4,0.0
areasize:*,1,4,0.0
partner,1,4,0.0
trolley,1,4,0.0
clothes_1,1,4,0.0
VAT,1,4,0.0
cdm,1,4,0.0
walking_disability:*,1,4,0.0
diagnostic,1,4,0.0
park_type,1,4,0.0
tipping,1,4,0.0
mental_disabled:*,1,4,0.0
older_name,1,4,0.0
allotments,1,4,0.0
running_sushi,1,4,0.0
abbr,1,4,0.0
maternity,1,4,0.0
product_pickup,1,4,0.0
birdwatching,1,4,0.0
payzone,1,4,0.0
nails,1,4,0.0
division_code,1,4,0.0
phone_repair,1,4,0.0
Affiliation,1,4,0.0
pedalo:*,1,4,0.0
lunch_hours,1,4,0.0
beach_resort,1,4,0.0
lighthouse:*,1,4,0.0
nga:*,1,4,0.0
locomotive,1,4,0.0
seamark,1,4,0.0
Padrão de instalação,1,4,0.0
type_of_facility,1,4,0.0
separator,1,4,0.0
build_year,1,4,0.0
green_waste,1,4,0.0
opening_hours_2,1,4,0.0
reconstruction,1,4,0.0
bad_width,1,4,0.0
pati,1,4,0.0
electric_scooter,1,4,0.0
share_taxi:*,1,4,0.0
enforcement_period,1,4,0.0
prayer_room,1,4,0.0
cold_drinks,1,4,0.0
boßeln,1,4,0.0
room_type,1,4,0.0
lit_by_gaslight,1,4,0.0
bottles,1,4,0.0
ups_shop,1,4,0.0
waste_liquid,1,4,0.0
sales_area,1,4,0.0
angle,1,4,0.0
offer,1,4,0.0
hanleys_tag,1,4,0.0
mcasanturce,1,4,0.0
outbound,1,4,0.0
chef,1,4,0.0
brand_2,1,4,0.0
photo1,1,4,0.0
artwork_title,1,4,0.0
shelter_ref,1,4,0.0
tourism_3,1,4,0.0
old_source,1,4,0.0
hand_cart,1,4,0.0
hot,1,4,0.0
fare,1,4,0.0
disable,1,4,0.0
air_rescue_service,1,4,0.0
waterfall,1,4,0.0
note3,1,4,0.0
bait,1,4,0.0
joiner,1,4,0.0
lift,1,4,0.0
fenced_in,1,4,0.0
administration,1,4,0.0
herbalist,1,4,0.0
УНП,1,4,0.0
doors,1,4,0.0
inscription_5,1,4,0.0
photo_camera:*,1,4,0.0
rer_edi_id:*,1,4,0.0
vks:*,1,4,0.0
unveiled,1,4,0.0
staff:*,1,4,0.0
simulator,1,4,0.0
off_name,1,4,0.0
regular_holiday,1,4,0.0
pex:*,2,4,0.0
old_religion,1,4,0.0
FR:*,1,4,0.0
ice_skates:*,1,4,0.0
Park,1,4,0.0
addr1:*,2,4,0.0
nae,1,4,0.0
nycdoe:*,1,4,0.0
ordering:*,3,4,0.0
announcement,1,4,0.0
garbage_type,1,4,0.0
Changi,1,4,0.0
keys,1,4,0.0
latest_survey_date,1,4,0.0
tee,1,4,0.0
last_water_point,1,4,0.0
not_name,1,4,0.0
sccLeisureCentre:*,1,4,0.0
signalisation,1,4,0.0
oa:*,4,4,0.0
god,1,4,0.0
concept,1,4,0.0
credit_cards,1,4,0.0
application:*,2,4,0.0
commissioned by,1,4,0.0
catchment_population,1,4,0.0
donation_box:*,1,4,0.0
social_facility_1,1,4,0.0
weddings,1,4,0.0
surcharge:*,2,4,0.0
device,1,4,0.0
bedundbike,1,4,0.0
manicure,1,4,0.0
sundial_type,1,4,0.0
abutters,1,4,0.0
president,1,4,0.0
COODE,1,4,0.0
outreach,1,4,0.0
dog_friendly,1,4,0.0
motto,1,4,0.0
NOM_FANTAS,1,4,0.0
whisky,1,4,0.0
moated,1,4,0.0
ev_charging,1,4,0.0
old_craft,1,4,0.0
camper,1,4,0.0
plumber,1,4,0.0
steel,1,4,0.0
image10,1,4,0.0
feeder,1,4,0.0
bulk_purchase:*,4,4,0.0
before_school,1,4,0.0
registered_voters,1,4,0.0
language_school,1,4,0.0
maxlength:*,3,4,0.0
litter,1,4,0.0
cairn,1,4,0.0
cookies,1,4,0.0
mirror,1,4,0.0
url_2,1,4,0.0
lgbtq_owner,1,4,0.0
outside_atm_operator,1,4,0.0
not,1,4,0.0
old_fax,1,4,0.0
ash_disposal,1,4,0.0
body_work:*,1,4,0.0
padded_climbing_frame,1,4,0.0
cxx:*,2,4,0.0
oversize,1,4,0.0
biodynamic,1,4,0.0
passenger_information,1,4,0.0
min_clothing,1,4,0.0
mass_times,1,4,0.0
bettundbike:*,2,4,0.0
supply,1,4,0.0
medecin,1,4,0.0
end_construction,1,4,0.0
newspaper:*,2,4,0.0
kids_menu,1,4,0.0
pond_system,1,4,0.0
gas_cartridges,1,4,0.0
old_short_name:*,2,4,0.0
trolley_type,1,4,0.0
guest_house:*,3,4,0.0
crown_type,1,4,0.0
istat_id,1,4,0.0
massage:*,2,4,0.0
charge_point:*,1,4,0.0
obelisk,1,4,0.0
round,1,4,0.0
classification_wine1855,1,4,0.0
appellation_wine1855,1,4,0.0
sewing_machine:*,1,4,0.0
Shedule,1,4,0.0
subsidized,1,3,0.0
boards,1,3,0.0
poste_restante:*,1,3,0.0
website_archive,1,3,0.0
cloakroom:*,1,3,0.0
hotspots,1,3,0.0
strike_tone,1,3,0.0
alt_name3,1,3,0.0
sub,1,3,0.0
bubbler,1,3,0.0
tour,1,3,0.0
turner,1,3,0.0
gas_appliances:*,1,3,0.0
operator_short,1,3,0.0
federation,1,3,0.0
mail_type,1,3,0.0
swingerclub:*,1,3,0.0
fer,1,3,0.0
serialnumber,1,3,0.0
used_cars,1,3,0.0
rotor:*,2,3,0.0
CLC:*,3,3,0.0
day,1,3,0.0
dealer,1,3,0.0
obiekt,1,3,0.0
duration:*,2,3,0.0
tool_hire,1,3,0.0
datemaj,1,3,0.0
IDR,1,3,0.0
onsen,1,3,0.0
dir,1,3,0.0
government_1,1,3,0.0
commentaire,1,3,0.0
raft,1,3,0.0
mapillary_3,1,3,0.0
plinthlevel:*,1,3,0.0
missing:*,2,3,0.0
vip,1,3,0.0
fuente,1,3,0.0
hopscotch:*,1,3,0.0
min_depth,1,3,0.0
PACI,1,3,0.0
dailyinfo:*,1,3,0.0
all_you_can_eat:*,1,3,0.0
letter,1,3,0.0
breastfeeding,1,3,0.0
smart_discovery,1,3,0.0
type_charge,1,3,0.0
indigenous_culture,1,3,0.0
safe,1,3,0.0
Creative_Lagos,1,3,0.0
timing,1,3,0.0
air_pump,1,3,0.0
climbing_wall,1,3,0.0
buildingpart,1,3,0.0
NapTAN_ref,1,3,0.0
cadet,1,3,0.0
date_from,1,3,0.0
office_hours,1,3,0.0
retail space,1,3,0.0
elevated,1,3,0.0
naptan,1,3,0.0
pedicure,1,3,0.0
signed_name,1,3,0.0
archaeological_site_2,1,3,0.0
cards,1,3,0.0
staffed,1,3,0.0
island,1,3,0.0
legal_name,1,3,0.0
refill,1,3,0.0
name_contact,1,3,0.0
doublesided,1,3,0.0
fee_1,1,3,0.0
naics,1,3,0.0
dragon_boat_rental,1,3,0.0
venue,1,3,0.0
groceries,1,3,0.0
intiative:*,1,3,0.0
swings,1,3,0.0
number_of_rooms,1,3,0.0
ALAND,1,3,0.0
medical,1,3,0.0
confluence,1,3,0.0
alt_brand,1,3,0.0
building_1,1,3,0.0
enshrine_1,1,3,0.0
bathroom_furnishing,1,3,0.0
telephone_area_code,1,3,0.0
fcode,1,3,0.0
washing,1,3,0.0
settlement_type,1,3,0.0
usable,1,3,0.0
greengrocer:*,1,3,0.0
osm_type,1,3,0.0
souvenirs,1,3,0.0
admin_centre,1,3,0.0
charter,1,3,0.0
rockmap,1,3,0.0
dumpster,1,3,0.0
blood,1,3,0.0
data_zmiany,1,3,0.0
VK,1,3,0.0
old_post_box:*,1,3,0.0
shoemaker,1,3,0.0
role,1,3,0.0
electric_wheelchair,1,3,0.0
art_supplies,1,3,0.0
lighting_operational,1,3,0.0
updated,1,3,0.0
next_check_date,1,3,0.0
picnic,1,3,0.0
orphanage,1,3,0.0
financial_advisor,1,3,0.0
biosphärenreservatspartner,1,3,0.0
power_tools:*,2,3,0.0
dishwasher:*,3,3,0.0
wrong_direction,1,3,0.0
art_type,1,3,0.0
board_type_1,1,3,0.0
balancing,1,3,0.0
Freguesia,1,3,0.0
permit:*,3,3,0.0
dolmen,1,3,0.0
air_transport,1,3,0.0
former_product,1,3,0.0
rescue_station,1,3,0.0
teahouse,1,3,0.0
smoker,1,3,0.0
has_water,1,3,0.0
nama,1,3,0.0
date_sunk,1,3,0.0
adult_entertainment,1,3,0.0
jns,1,3,0.0
van,1,3,0.0
table_tennis,1,3,0.0
frozen,1,3,0.0
bloque,1,3,0.0
boot_scraper:*,2,3,0.0
service_provider,1,3,0.0
local_language,1,3,0.0
service_type,1,3,0.0
burger,1,3,0.0
plates,1,3,0.0
rest,1,3,0.0
letter_box,1,3,0.0
events,1,3,0.0
after_school:*,1,3,0.0
desk:*,1,3,0.0
catering:*,2,3,0.0
subname,1,3,0.0
motif,1,3,0.0
classes,1,3,0.0
occupier,1,3,0.0
rfid_card:*,1,3,0.0
shop_in_store,1,3,0.0
province:*,2,3,0.0
inlet,1,3,0.0
thong,1,3,0.0
classified,1,3,0.0
diving,1,3,0.0
homemade,1,3,0.0
服務里別,1,3,0.0
note60,1,3,0.0
w2g,1,3,0.0
off_license,1,3,0.0
pet_friendly,1,3,0.0
kiteboard:*,3,3,0.0
unnecessary:*,2,3,0.0
quiet_hours:*,1,3,0.0
room_service,1,3,0.0
postident,1,3,0.0
placement,1,3,0.0
motive,1,3,0.0
sheep,1,3,0.0
NORTHING,1,3,0.0
panchayat,1,3,0.0
second_name,1,3,0.0
elementary_school_district,1,3,0.0
fuel_CAT,1,3,0.0
chalets,1,3,0.0
internal_name,1,3,0.0
pricing:*,3,3,0.0
olympic_gold:*,1,3,0.0
theatres,1,3,0.0
handwash,1,3,0.0
next_post_box,1,3,0.0
horizontal_bar,1,3,0.0
entrance_fee,1,3,0.0
courier,1,3,0.0
diy,1,3,0.0
anticommunism,1,3,0.0
independent_lutheran,1,3,0.0
difficulty,1,3,0.0
internet_access_1,1,3,0.0
status operationel,1,3,0.0
horizontal,1,3,0.0
hand_washbasin,1,3,0.0
safety,1,3,0.0
animal_keeping,1,3,0.0
rowingboat_rental,1,3,0.0
register_office:*,1,3,0.0
postnummeruppror.nu:*,1,3,0.0
tagesessen,1,3,0.0
social:*,2,3,0.0
loudspeaker,1,3,0.0
excavator:*,2,3,0.0
old_url,1,3,0.0
helmet,1,3,0.0
smell,1,3,0.0
bit,1,3,0.0
tennis,1,3,0.0
bt_sport,1,3,0.0
philosophy,1,3,0.0
general tag,1,3,0.0
dressing_room,1,3,0.0
beneficiary,1,3,0.0
new_name,1,3,0.0
remote_consultation,1,3,0.0
adresse1,1,3,0.0
fence_material,1,3,0.0
local_produce,1,3,0.0
URL,1,3,0.0
camp_management_agency,1,3,0.0
opr,1,3,0.0
terrasse,1,3,0.0
divided,1,3,0.0
u-pick,1,3,0.0
deparment,1,3,0.0
ref_id,1,3,0.0
hypermarket,1,3,0.0
memory,1,3,0.0
fixme_1,1,3,0.0
owner_1,1,3,0.0
safercity,1,3,0.0
maritime,1,3,0.0
halal:*,1,3,0.0
casino,1,3,0.0
outcrop:*,1,3,0.0
lamp_flames_original,1,3,0.0
financial_services,1,3,0.0
COD,1,3,0.0
healthcare_2,1,3,0.0
inline_skates:*,2,3,0.0
food_sharing:*,2,3,0.0
rock_type,1,3,0.0
flashing_lights,1,3,0.0
luggage,1,3,0.0
traditional,1,3,0.0
daycare,1,3,0.0
passenger,1,3,0.0
EASTING,1,3,0.0
quotation_author:*,1,3,0.0
dairy,1,3,0.0
self_ordering,1,3,0.0
sports_equipment:*,1,3,0.0
hobby:*,2,3,0.0
animal_boarding:*,3,3,0.0
old_royal_cypher,1,3,0.0
domicilio,1,3,0.0
lost_place,1,3,0.0
natural_water,1,3,0.0
covering,1,3,0.0
littlefreelibrary:*,1,3,0.0
personal:*,1,3,0.0
salts,1,3,0.0
avg_fph,1,3,0.0
feeding_place,1,3,0.0
pier,1,3,0.0
physiotherapist:*,2,3,0.0
pankatsu,1,3,0.0
velatorio,1,3,0.0
toys_available,1,3,0.0
Orientierungsstufe,1,3,0.0
warehouse_unit_area,1,3,0.0
compactor,1,3,0.0
patio,1,3,0.0
park:*,1,3,0.0
commissioning_date,1,3,0.0
connection_point,1,3,0.0
adm,1,3,0.0
chess,1,3,0.0
former,1,3,0.0
HE_name,1,3,0.0
picture_framing,1,3,0.0
information_plate_date,1,3,0.0
MOE:*,3,3,0.0
mechanic,1,3,0.0
Hatfield Digital Twin City,1,3,0.0
public_transport_ticket,1,3,0.0
way,1,3,0.0
extras,1,3,0.0
upc,1,3,0.0
surface_1,1,3,0.0
hoist,1,3,0.0
organisator,1,3,0.0
fonte,1,3,0.0
automat,1,3,0.0
noodle,1,3,0.0
gasoline,1,3,0.0
street_name,1,3,0.0
eggs,1,3,0.0
tax,1,3,0.0
syndic:*,3,3,0.0
comment2,1,3,0.0
sadamaregister:*,3,3,0.0
frazionario,1,3,0.0
household_linen,1,3,0.0
telephone_kiosk,1,3,0.0
rental_terminal,1,3,0.0
same_day_delivery,1,3,0.0
lifting_device,1,3,0.0
Business,1,3,0.0
stage_door,1,3,0.0
type_of_initiative,1,3,0.0
Gym,1,3,0.0
volcanic_vent:*,2,3,0.0
anno,1,3,0.0
hindu:*,1,3,0.0
motorcycles,1,3,0.0
moved_date,1,3,0.0
members_only,1,3,0.0
banquets,1,3,0.0
changing_rooms,1,3,0.0
vtt,1,3,0.0
email_alt,1,3,0.0
logbook,1,3,0.0
災民收容所編號,1,3,0.0
dry,1,3,0.0
highchair:*,2,3,0.0
petrol,1,3,0.0
opening date,1,3,0.0
consecrate,1,3,0.0
old_wikidata,1,3,0.0
IR:*,3,3,0.0
entrada,1,3,0.0
description_fr,1,3,0.0
infos,1,3,0.0
capacity_individuals_building_level_3,1,3,0.0
directions,1,3,0.0
extinguishing_system,1,3,0.0
lane_markings,1,3,0.0
KEY,1,3,0.0
credit,1,3,0.0
runstenar,1,3,0.0
coffee_roaster,1,3,0.0
apparition,1,3,0.0
soccer,1,3,0.0
tattoo_removal,1,3,0.0
concept_store,1,3,0.0
historic_2,1,3,0.0
ttc,1,3,0.0
mother_school,1,3,0.0
punt_rental,1,3,0.0
pressure_chamber,1,3,0.0
sup:*,1,3,0.0
beauty_3,1,3,0.0
foundation,1,3,0.0
prison,1,3,0.0
legislation,1,3,0.0
roll_of_honour,1,3,0.0
fully_enclosed,1,3,0.0
location_id,1,3,0.0
whirlpool,1,3,0.0
bird,1,3,0.0
cantidad,1,3,0.0
serving_system,1,3,0.0
card_type,1,3,0.0
live_display,1,3,0.0
Cluster,1,3,0.0
campo,1,3,0.0
near,1,3,0.0
weather_shelter:*,1,3,0.0
fold,1,3,0.0
hussainiya,1,3,0.0
cask_marque,1,3,0.0
AREAID,1,3,0.0
AWATER,1,3,0.0
jipange/yep:*,1,3,0.0
MTFCC,1,3,0.0
comments,1,3,0.0
harbor,1,3,0.0
lamp_model,1,3,0.0
SSR-ID,1,3,0.0
entrance_only,1,3,0.0
dog_agility,1,3,0.0
postid,1,3,0.0
specialities,1,3,0.0
eating,1,3,0.0
drive,1,3,0.0
PLSS:*,2,3,0.0
short_operator,1,3,0.0
access_control,1,3,0.0
bus_lanes,1,3,0.0
remarks,1,3,0.0
vandalism,1,3,0.0
waiter,1,3,0.0
clothing-optional,1,3,0.0
copyright,1,3,0.0
sightseeingtour,1,3,0.0
region:*,2,3,0.0
eliquidjuice,1,3,0.0
marker_text,1,3,0.0
signed_direction,1,3,0.0
second_date,1,3,0.0
board_type:*,3,3,0.0
old_ref_1,1,3,0.0
sube,1,3,0.0
สินค้า,1,3,0.0
mobility_scooter:*,2,3,0.0
education_program:*,3,3,0.0
bait:*,3,3,0.0
motorboat:*,1,3,0.0
luxury,1,3,0.0
buildt,1,3,0.0
dumpster_diving:*,1,3,0.0
dinghy,1,3,0.0
suppressed:*,1,3,0.0
parcel,1,3,0.0
courier:*,1,3,0.0
subdistrict,1,3,0.0
first_aid:*,1,3,0.0
seat:*,1,3,0.0
lamps,1,3,0.0
cnmlbh:*,1,3,0.0
toy_library:*,1,3,0.0
damage_restoration:*,3,3,0.0
room_nr,1,3,0.0
leisure1,1,3,0.0
hazmat:*,3,3,0.0
stargazing-capable,1,3,0.0
stands:*,2,3,0.0
internal,1,3,0.0
postbox:*,2,3,0.0
hauteur,1,3,0.0
constructed,1,3,0.0
tipo de animal,1,3,0.0
commemoration,1,3,0.0
religious_title,1,3,0.0
patron_day,1,3,0.0
heating_pumps:*,1,3,0.0
house:*,2,3,0.0
mc:*,3,3,0.0
waterpoint_type,1,3,0.0
lighting:*,3,3,0.0
test:*,1,3,0.0
investitors,1,3,0.0
sailboat,1,3,0.0
prayer_times:*,2,3,0.0
colonia,1,3,0.0
check_data,1,3,0.0
alt_name2:*,2,3,0.0
labor_camp,1,3,0.0
road_sign,1,3,0.0
fastpass_plus,1,3,0.0
radiator:*,2,3,0.0
geothermal,1,3,0.0
classrooms,1,3,0.0
registration:*,3,3,0.0
pawnbroker:*,1,3,0.0
flight_school:*,2,3,0.0
windshield,1,3,0.0
industrial:*,3,3,0.0
source_gps,1,3,0.0
rock_art_type,1,3,0.0
alternate,1,3,0.0
put_in,1,3,0.0
oktmo:*,1,3,0.0
renovation:*,2,3,0.0
hudson_bike_share:*,1,3,0.0
al:*,1,3,0.0
machine_tool:*,3,3,0.0
artist_name_1,1,3,0.0
air,1,3,0.0
Poblacion,1,3,0.0
hdop,1,3,0.0
windmill,1,3,0.0
cash_register:*,1,3,0.0
book_condition,1,3,0.0
swingerclub,1,3,0.0
principal,1,3,0.0
instruments,1,3,0.0
missing_sign,1,3,0.0
dab,1,3,0.0
general_interest,1,3,0.0
top_up,1,3,0.0
opening_season,1,3,0.0
en:*,2,3,0.0
snowplowing,1,3,0.0
opera,1,3,0.0
refrigerator:*,1,3,0.0
video_rental,1,3,0.0
UNESCO POI'S,1,3,0.0
last_eruption,1,3,0.0
identifiable_factor:*,3,3,0.0
snr:*,1,3,0.0
workhouse:*,3,3,0.0
gambling:*,3,3,0.0
small_craft_facility:*,1,3,0.0
medical_imaging,1,3,0.0
common_name,1,3,0.0
map_provider,1,3,0.0
belts,1,3,0.0
poste_restante,1,3,0.0
propane,1,3,0.0
roof_terrace,1,3,0.0
playing_hours,1,3,0.0
mondir,1,3,0.0
jimjilbang,1,3,0.0
SSR-OBJID,1,3,0.0
local_food,1,3,0.0
sewing:*,1,3,0.0
bearproof,1,3,0.0
manned,1,3,0.0
art_registry:*,1,3,0.0
mri,1,3,0.0
po_boxes,1,3,0.0
islamic_banking,1,3,0.0
pk:*,1,3,0.0
administrator,1,3,0.0
bedrooms,1,3,0.0
name_alt:*,1,3,0.0
material_2,1,3,0.0
cycle,1,3,0.0
circumference:*,2,3,0.0
sidewalk:*,2,3,0.0
airmark,1,3,0.0
map_location,1,3,0.0
winetasting,1,3,0.0
university:*,2,3,0.0
temple:*,1,3,0.0
sledge:*,1,3,0.0
horse:*,3,3,0.0
cannons,1,3,0.0
bank_statements,1,3,0.0
pre_order,1,3,0.0
coop:*,1,3,0.0
shrubbery:*,1,3,0.0
audio_guide,1,3,0.0
special,1,3,0.0
popup,1,3,0.0
heritage_trail:*,1,3,0.0
car_type,1,3,0.0
max_time,1,3,0.0
post_code,1,3,0.0
entertainer,1,3,0.0
pumps,1,3,0.0
salida,1,3,0.0
photo_booth,1,3,0.0
etymology:*,1,3,0.0
bus_ticket,1,3,0.0
ukniwm_ref,1,3,0.0
barn,1,3,0.0
patron_saint:*,2,3,0.0
access_1,1,3,0.0
parkster:*,1,3,0.0
atm_count,1,3,0.0
paddlecraft,1,3,0.0
container_count,1,3,0.0
food style,1,3,0.0
architectural_style,1,3,0.0
food_item,1,3,0.0
disc_parking,1,3,0.0
lock_type,1,3,0.0
audiologist,1,3,0.0
KST:*,1,3,0.0
reusable_cup:*,2,3,0.0
national_protection,1,3,0.0
dimensions,1,3,0.0
COMMENTS,1,3,0.0
ski_resort,1,3,0.0
dismantled:*,3,3,0.0
cigar_bar,1,3,0.0
caption,1,3,0.0
適合避難弱者安置,1,3,0.0
driving_school:*,3,3,0.0
equipment_rental:*,1,3,0.0
rail,1,2,0.0
stećak_necropolis,1,2,0.0
cooking_type,1,2,0.0
private_practice,1,2,0.0
winter_shelter,1,2,0.0
stamp,1,2,0.0
Bing,1,2,0.0
weather,1,2,0.0
forestry,1,2,0.0
text5,1,2,0.0
bathrooms,1,2,0.0
admin_district,1,2,0.0
LOCNUM,1,2,0.0
ogr_pkid,1,2,0.0
concert,1,2,0.0
LIC_ID,1,2,0.0
ALLSTRUC,1,2,0.0
lanyard,1,2,0.0
by_night,1,2,0.0
authorization:*,2,2,0.0
parking_1,1,2,0.0
bat,1,2,0.0
step,1,2,0.0
erected_in,1,2,0.0
emergency_access_point:*,1,2,0.0
legal:*,2,2,0.0
puzzles,1,2,0.0
meal:*,2,2,0.0
photocopier:*,1,2,0.0
degustation,1,2,0.0
bsp,1,2,0.0
boundary_level,1,2,0.0
part:*,2,2,0.0
beer_1,1,2,0.0
Fumat,1,2,0.0
collect,1,2,0.0
experiment:*,1,2,0.0
valet_parking,1,2,0.0
rel,1,2,0.0
electric_hand_dryer:*,1,2,0.0
smoking_area,1,2,0.0
ehl:*,1,2,0.0
Purok,1,2,0.0
letter_boxes,1,2,0.0
dishes,1,2,0.0
nautical,1,2,0.0
current:*,2,2,0.0
edible_oil:*,2,2,0.0
attendant,1,2,0.0
fut_name,1,2,0.0
reclined,1,2,0.0
rampDisability,1,2,0.0
hot_tub:*,2,2,0.0
laminate,1,2,0.0
meditation,1,2,0.0
letting_agent,1,2,0.0
rugby,1,2,0.0
cliff,1,2,0.0
reliquary,1,2,0.0
reusable_cup,1,2,0.0
map_style,1,2,0.0
estd:*,1,2,0.0
kiosk:*,2,2,0.0
image14,1,2,0.0
image13,1,2,0.0
holiday,1,2,0.0
restart_date,1,2,0.0
_Descrip_,1,2,0.0
ohm:*,1,2,0.0
waypoint:*,2,2,0.0
section_marker,1,2,0.0
ric:*,1,2,0.0
remains,1,2,0.0
service_charge,1,2,0.0
fence_station:*,1,2,0.0
buoy,1,2,0.0
vereda,1,2,0.0
tfn,1,2,0.0
visible_name,1,2,0.0
candles:*,1,2,0.0
artefacts.co.za,1,2,0.0
medical_service,1,2,0.0
educprio,1,2,0.0
for:*,1,2,0.0
circle_bench:*,1,2,0.0
hsmaq:*,2,2,0.0
Notes,1,2,0.0
sailboat:*,1,2,0.0
Sightseeing,1,2,0.0
pumping_station,1,2,0.0
kiln:*,1,2,0.0
grinding_mill:*,2,2,0.0
last_fhrs_date,1,2,0.0
internet_buying,1,2,0.0
miniature_golf:*,2,2,0.0
free_house,1,2,0.0
inscription4,1,2,0.0
cannery,1,2,0.0
arboretum,1,2,0.0
nhcp:*,1,2,0.0
popcorn,1,2,0.0
pub:*,2,2,0.0
coronaquarantine,1,2,0.0
climbing_type,1,2,0.0
games:*,2,2,0.0
img_type,1,2,0.0
preservation,1,2,0.0
gvr:*,1,2,0.0
image_5,1,2,0.0
gold,1,2,0.0
pricerange,1,2,0.0
website_alt,1,2,0.0
manager:*,2,2,0.0
mobile_phones,1,2,0.0
depot:*,2,2,0.0
tapas,1,2,0.0
persons_fourth_domicile,1,2,0.0
country_code,1,2,0.0
skateboard:*,2,2,0.0
theme_park,1,2,0.0
burial,1,2,0.0
wallpaper,1,2,0.0
ref_board,1,2,0.0
trike:*,2,2,0.0
newspaper_tube:*,1,2,0.0
rce:*,1,2,0.0
listed_date,1,2,0.0
shuffleboard,1,2,0.0
trail,1,2,0.0
site_ownership,1,2,0.0
hoverboard:*,1,2,0.0
testcenter,1,2,0.0
composite,1,2,0.0
former_operator,1,2,0.0
building_materials:*,2,2,0.0
has_fish,1,2,0.0
draisine,1,2,0.0
sewing_machine,1,2,0.0
salzburg_wiki,1,2,0.0
sort_name,1,2,0.0
baby_bed,1,2,0.0
collections:*,2,2,0.0
tours:*,1,2,0.0
service_provider:*,1,2,0.0
political,1,2,0.0
telephone:*,1,2,0.0
site:*,1,2,0.0
shop_owner,1,2,0.0
payment_type:*,1,2,0.0
heading,1,2,0.0
wrestling,1,2,0.0
brush,1,2,0.0
clients,1,2,0.0
source_ref_1,1,2,0.0
pond,1,2,0.0
gender_neutral,1,2,0.0
phone_Extension,1,2,0.0
watsan_goal:*,1,2,0.0
touring:*,2,2,0.0
pickup_dropoff,1,2,0.0
skateboard_parking,1,2,0.0
sou,1,2,0.0
playstation,1,2,0.0
pickup_in_store,1,2,0.0
boat_rental:*,1,2,0.0
standup_paddleboard,1,2,0.0
service_2,1,2,0.0
castle:*,1,2,0.0
eco_friendly,1,2,0.0
shape:*,1,2,0.0
service_animals,1,2,0.0
tool:*,1,2,0.0
lgtbq:*,1,2,0.0
eik,1,2,0.0
social_room:*,2,2,0.0
soap:*,1,2,0.0
mechanical_pump_maintenance,1,2,0.0
drinking_tea,1,2,0.0
security_control,1,2,0.0
verifiedby,1,2,0.0
drive_through_atm,1,2,0.0
chimney,1,2,0.0
Cover_description,1,2,0.0
prix,1,2,0.0
Vue,1,2,0.0
9pin:*,2,2,0.0
airbnb,1,2,0.0
branch_number,1,2,0.0
year_of_death,1,2,0.0
disabled_space,1,2,0.0
inspection,1,2,0.0
end,1,2,0.0
kecamatan,1,2,0.0
godwarimuncipality,1,2,0.0
food_items,1,2,0.0
tent:*,2,2,0.0
fieldcheck:*,2,2,0.0
licencee,1,2,0.0
loc_ref:*,1,2,0.0
embussed_letters,1,2,0.0
referent,1,2,0.0
electric_socket:*,1,2,0.0
nursing,1,2,0.0
event_times,1,2,0.0
handicapped,1,2,0.0
recreational_vehicle,1,2,0.0
credit_card:*,1,2,0.0
power_source_others,1,2,0.0
streets,1,2,0.0
drugs,1,2,0.0
signialisation,1,2,0.0
num_buildings,1,2,0.0
flag_skip,1,2,0.0
hvg,1,2,0.0
mykey,1,2,0.0
barcode,1,2,0.0
center,1,2,0.0
foot_operated,1,2,0.0
drinking_water_legal,1,2,0.0
battery,1,2,0.0
spine_race:*,2,2,0.0
admission,1,2,0.0
lapidarium,1,2,0.0
drillmachine:*,1,2,0.0
therapist:*,2,2,0.0
neme:*,1,2,0.0
Upazila,1,2,0.0
parent_operator,1,2,0.0
lib_nature,1,2,0.0
equipped,1,2,0.0
grave_yard,1,2,0.0
touchandtravel,1,2,0.0
groups,1,2,0.0
larochelle_structure,1,2,0.0
milepost:*,2,2,0.0
est_length,1,2,0.0
gametype,1,2,0.0
cap,1,2,0.0
Estacionamiento,1,2,0.0
golf_cart:*,2,2,0.0
interior_design,1,2,0.0
sahana:*,2,2,0.0
LOCADD,1,2,0.0
confluence:*,2,2,0.0
foundry,1,2,0.0
discharge,1,2,0.0
qst_number,1,2,0.0
livestock:*,2,2,0.0
tiff2014,1,2,0.0
broadcasting,1,2,0.0
renovation,1,2,0.0
changing_places,1,2,0.0
folly,1,2,0.0
bat_protection,1,2,0.0
cider,1,2,0.0
coverage,1,2,0.0
sawmill,1,2,0.0
kick-scooter_rental,1,2,0.0
ascent,1,2,0.0
monitored:*,1,2,0.0
guided_tour:*,2,2,0.0
hermes,1,2,0.0
textile,1,2,0.0
memory_of,1,2,0.0
fuzzy,1,2,0.0
electric_charging_point,1,2,0.0
seesaw,1,2,0.0
epitaph,1,2,0.0
link:*,2,2,0.0
agricultural_machine:*,2,2,0.0
sightseeing:*,1,2,0.0
inscription_6,1,2,0.0
audioguide:*,2,2,0.0
monitoring_station,1,2,0.0
agricultural_engines,1,2,0.0
tracks,1,2,0.0
turret,1,2,0.0
commissioned,1,2,0.0
容納面積(室內),1,2,0.0
autocleaning,1,2,0.0
adoption,1,2,0.0
bonusplus,1,2,0.0
speciality_bread,1,2,0.0
guyed,1,2,0.0
copier:*,2,2,0.0
bomboniere,1,2,0.0
legislator:*,2,2,0.0
live_music:*,2,2,0.0
NaPTANAreaCode,1,2,0.0
unesco,1,2,0.0
Altitude,1,2,0.0
water_precautions,1,2,0.0
service_animal,1,2,0.0
sbc_id,1,2,0.0
sorority,1,2,0.0
coffeehouse,1,2,0.0
old_capacity,1,2,0.0
index,1,2,0.0
swimming_area,1,2,0.0
demeter,1,2,0.0
map_edition,1,2,0.0
mining,1,2,0.0
app,1,2,0.0
interzone:*,1,2,0.0
reproduction,1,2,0.0
basement,1,2,0.0
mythology,1,2,0.0
overnight_stay,1,2,0.0
approuve,1,2,0.0
accor_ticket,1,2,0.0
glamping,1,2,0.0
Second chance youth,1,2,0.0
precision:*,1,2,0.0
cultivation_method,1,2,0.0
comics,1,2,0.0
pointless_but_fun,1,2,0.0
source d'alimentation,1,2,0.0
sports_equipment,1,2,0.0
Gesamtschule,1,2,0.0
parent_ministry,1,2,0.0
letter_from,1,2,0.0
muuseum_id,1,2,0.0
off,1,2,0.0
playplace,1,2,0.0
aerospace,1,2,0.0
creative,1,2,0.0
thickness,1,2,0.0
postal_office:*,1,2,0.0
wicket,1,2,0.0
carriageway_ref,1,2,0.0
bakery:*,2,2,0.0
inepac:*,1,2,0.0
cargo_value,1,2,0.0
grappa,1,2,0.0
bonusplus:*,1,2,0.0
allowed_depth,1,2,0.0
operator1,1,2,0.0
ref_old,1,2,0.0
pacifier_tree,1,2,0.0
table_football,1,2,0.0
short,1,2,0.0
coat_hanger,1,2,0.0
outside_atm_capacity,1,2,0.0
bouncers,1,2,0.0
apartment:*,1,2,0.0
straw,1,2,0.0
special_needs,1,2,0.0
Responsable,1,2,0.0
mythological_figure,1,2,0.0
loading,1,2,0.0
glaskogen:*,1,2,0.0
image11,1,2,0.0
domain,1,2,0.0
second_hand:*,2,2,0.0
extra_charge:*,2,2,0.0
seat_type,1,2,0.0
loader:*,1,2,0.0
tpuk_ref,1,2,0.0
phone_wash,1,2,0.0
farm_boxes:*,1,2,0.0
baby_feeding:*,2,2,0.0
equipment:*,2,2,0.0
toaster,1,2,0.0
small_electrical_appliances,1,2,0.0
wakeboard:*,1,2,0.0
operator_mc,1,2,0.0
animal_feed,1,2,0.0
additional:*,1,2,0.0
board_game,1,2,0.0
menu_del_dia,1,2,0.0
growler,1,2,0.0
developer:*,1,2,0.0
well_type,1,2,0.0
switch:*,2,2,0.0
sa_división,1,2,0.0
gender_zoning,1,2,0.0
Temple,1,2,0.0
int,1,2,0.0
student_computers,1,2,0.0
bend,1,2,0.0
IBAN,1,2,0.0
tandem,1,2,0.0
named_after,1,2,0.0
arts_centre:*,2,2,0.0
bends,1,2,0.0
mailbox:*,1,2,0.0
watercraft,1,2,0.0
unset,1,2,0.0
hospice,1,2,0.0
alt_loc_name,1,2,0.0
missile,1,2,0.0
sound_system,1,2,0.0
funeral_directors:*,1,2,0.0
Census ID,1,2,0.0
bus_direction,1,2,0.0
code_name,1,2,0.0
dog_parking,1,2,0.0
cardlock,1,2,0.0
LATDIR,1,2,0.0
software_development,1,2,0.0
rubbish:*,1,2,0.0
whe,1,2,0.0
glasses,1,2,0.0
deconsecrated,1,2,0.0
winery:*,2,2,0.0
pool_side,1,2,0.0
building_date,1,2,0.0
ODS:*,1,2,0.0
animated:*,1,2,0.0
source_type_GIS_dataset,1,2,0.0
Main_patron_saint,1,2,0.0
Color,1,2,0.0
car,1,2,0.0
pxt:*,1,2,0.0
trainning,1,2,0.0
dropbox:*,1,2,0.0
filming,1,2,0.0
Bereich,1,2,0.0
source1,1,2,0.0
clean,1,2,0.0
destinations,1,2,0.0
boats:*,1,2,0.0
fish_counter,1,2,0.0
opening_hours-fix,1,2,0.0
chef:*,2,2,0.0
public_utility,1,2,0.0
variety_store,1,2,0.0
station_deux_roues,1,2,0.0
imagery_used:*,1,2,0.0
year_checked,1,2,0.0
deep,1,2,0.0
cutlery,1,2,0.0
washrooms,1,2,0.0
station:*,1,2,0.0
podologist,1,2,0.0
day_on,1,2,0.0
currency_exchange,1,2,0.0
outdoor_squat,1,2,0.0
psw,1,2,0.0
return_bin,1,2,0.0
sbc_parcel,1,2,0.0
accreditation,1,2,0.0
opengeodb:*,2,2,0.0
chocolatier,1,2,0.0
official_classification,1,2,0.0
wasan:*,1,2,0.0
slope,1,2,0.0
installation:*,1,2,0.0
thermal,1,2,0.0
old_route_ref,1,2,0.0
summer,1,2,0.0
fitting_room:*,2,2,0.0
ref_no,1,2,0.0
planted_by,1,2,0.0
pavilion,1,2,0.0
car_repair:*,2,2,0.0
Kamen,1,2,0.0
lake,1,2,0.0
is_on:*,2,2,0.0
postal_code:*,1,2,0.0
School_Management_Description,1,2,0.0
listing,1,2,0.0
ablution,1,2,0.0
LON_DMS,1,2,0.0
max_amount,1,2,0.0
storage:*,2,2,0.0
segway:*,1,2,0.0
boutique:*,2,2,0.0
bicycle_rental:*,1,2,0.0
opening hours:*,1,2,0.0
frame,1,2,0.0
ref_rcn,1,2,0.0
dosimeter,1,2,0.0
direction_southsouthwest,1,2,0.0
bottle_opener,1,2,0.0
ncat,1,2,0.0
days,1,2,0.0
rollerblade,1,2,0.0
bind,1,2,0.0
nces:*,1,2,0.0
contact_lenses,1,2,0.0
attended,1,2,0.0
boulangerie,1,2,0.0
university_of_chicago:*,2,2,0.0
damage_assessment_date,1,2,0.0
neighborhood,1,2,0.0
beach_access,1,2,0.0
harassement_prevention,1,2,0.0
9pin,1,2,0.0
ironing_service,1,2,0.0
patron:*,1,2,0.0
TV,1,2,0.0
monolithic,1,2,0.0
observation:*,2,2,0.0
disputed,1,2,0.0
dining,1,2,0.0
comment_2,1,2,0.0
illegal:*,2,2,0.0
library_dropoff:*,1,2,0.0
sink:*,1,2,0.0
bell_count,1,2,0.0
confectionery:*,2,2,0.0
waffle,1,2,0.0
covid19:*,1,2,0.0
naq,1,2,0.0
sea,1,2,0.0
made_by,1,2,0.0
REF,1,2,0.0
LAT_DMS,1,2,0.0
vinegar:*,2,2,0.0
helicopter:*,1,2,0.0
overlord,1,2,0.0
wrong_sign,1,2,0.0
service area,1,2,0.0
lvl,1,2,0.0
bell_type,1,2,0.0
alt_operator,1,2,0.0
electricity_operational_status,1,2,0.0
color:*,1,2,0.0
drug,1,2,0.0
loc_name_1,1,2,0.0
discovered,1,2,0.0
mini_roundabout:*,2,2,0.0
surcharge,1,2,0.0
noise,1,2,0.0
po_box,1,2,0.0
SUPSTRUC,1,2,0.0
traffic_island,1,2,0.0
pmgv:*,1,2,0.0
banquet_hall,1,2,0.0
landuse_2,1,2,0.0
osmid,1,2,0.0
oven:*,1,2,0.0
pick_up,1,2,0.0
filming:*,1,2,0.0
information_ref,1,2,0.0
airport,1,2,0.0
postcards,1,2,0.0
normal:*,1,2,0.0
flow_rate:*,1,2,0.0
palaeontological_site,1,2,0.0
operating_system,1,2,0.0
sales_area:*,2,2,0.0
visual_range,1,2,0.0
fictional_character,1,2,0.0
sbc_apn,1,2,0.0
course_1,1,2,0.0
map_brand,1,2,0.0
DFI,1,2,0.0
soap_dispenser:*,2,2,0.0
stay:*,1,2,0.0
route_map,1,2,0.0
permissive,1,2,0.0
customers_type,1,2,0.0
waste_collection,1,2,0.0
precios,1,2,0.0
allocation,1,2,0.0
serviced,1,2,0.0
fixme_2,1,2,0.0
under_construction,1,2,0.0
tower_house,1,2,0.0
docking_station,1,2,0.0
dedicated:*,1,2,0.0
settlement,1,2,0.0
name_office,1,2,0.0
dog_wash,1,2,0.0
atlas_obscura,1,2,0.0
GPS_Mission_Preparation,1,2,0.0
Second Chance Youth,1,2,0.0
autre_contact_person,1,2,0.0
supplier,1,2,0.0
vehicle_registration_intermediary,1,2,0.0
construction_equipment,1,2,0.0
wheels,1,2,0.0
dress:*,2,2,0.0
fires,1,2,0.0
ball_pool,1,2,0.0
ref_rrp,1,2,0.0
password,1,2,0.0
bank_transfer_machine,1,2,0.0
football,1,2,0.0
limit,1,2,0.0
merchandise,1,2,0.0
LONDIR,1,2,0.0
NEPA,1,2,0.0
travel,1,2,0.0
operation_hours,1,2,0.0
public_healthcare,1,2,0.0
coffee_shop,1,2,0.0
type2,1,2,0.0
rollator,1,2,0.0
family:*,2,2,0.0
photobooth:*,2,2,0.0
background_music:*,1,2,0.0
compartments,1,2,0.0
okato:*,2,2,0.0
start_time,1,2,0.0
hair_dryer,1,2,0.0
url3,1,2,0.0
underfloor,1,2,0.0
squad,1,2,0.0
existing,1,2,0.0
Owner,1,2,0.0
parcels,1,2,0.0
Sitio,1,2,0.0
gocart:*,1,2,0.0
snowshoes,1,2,0.0
arcade_game:*,1,2,0.0
sustainable,1,2,0.0
sleeping_allowed,1,2,0.0
assembly_ref,1,2,0.0
meadow,1,2,0.0
towel,1,2,0.0
birds,1,2,0.0
conflict:*,2,2,0.0
sheltered,1,2,0.0
old_leisure,1,2,0.0
leasing,1,2,0.0
ata_delete:*,2,2,0.0
pastries,1,2,0.0
B.P:*,1,2,0.0
emergencies,1,2,0.0
ministry:*,2,2,0.0
complete,1,2,0.0
collaborator:*,2,2,0.0
licensed_club,1,2,0.0
small_animal_drink,1,2,0.0
disposal:*,2,2,0.0
model_aerodrome:*,2,2,0.0
Recreation,1,2,0.0
life_ring,1,2,0.0
street_lamp,1,2,0.0
usd:*,1,2,0.0
CensusID,1,2,0.0
sortere:*,1,2,0.0
personne_de_support,1,2,0.0
po_id,1,2,0.0
pipeline:*,1,2,0.0
member_of:*,1,2,0.0
music_type:*,2,2,0.0
output:*,2,2,0.0
town,1,2,0.0
icn,1,2,0.0
creation,1,2,0.0
TIN,1,2,0.0
water_supply:*,2,2,0.0
bssid,1,2,0.0
sjorod,1,2,0.0
in_memory_of,1,2,0.0
sport_shuttle,1,2,0.0
virtual_tour,1,2,0.0
park_space,1,2,0.0
year_abandoned,1,2,0.0
food_cart,1,2,0.0
CATEGORY,1,2,0.0
archaeological_type,1,2,0.0
construction_equipment:*,1,2,0.0
turn:*,2,2,0.0
UNESCO ARM,1,2,0.0
chess_board,1,2,0.0
artwork_position,1,2,0.0
Kabupaten,1,2,0.0
carry_out,1,2,0.0
tutor,1,2,0.0
hanggliding:*,2,2,0.0
commit message,1,2,0.0
party:*,2,2,0.0
dustbin,1,2,0.0
towing,1,2,0.0
home_aid_service:*,2,2,0.0
watersport:*,1,2,0.0
marble,1,2,0.0
old_designation,1,2,0.0
craftsman,1,2,0.0
pastry:*,2,2,0.0
heat,1,2,0.0
network_1,1,2,0.0
LOCSTATE,1,2,0.0
brunch:*,1,2,0.0
flowerpot:*,2,2,0.0
via,1,2,0.0
KW,1,2,0.0
writer,1,2,0.0
beerbuddy:*,1,2,0.0
xxx:*,1,2,0.0
cottages,1,2,0.0
front_cooking,1,2,0.0
deposit:*,1,2,0.0
pontoon_rental,1,2,0.0
capacity_area_building_level_2,1,2,0.0
swimming_lanes:*,2,2,0.0
employees_non_medical,1,2,0.0
service_fee,1,2,0.0
propulsion:*,1,2,0.0
dish_washing:*,1,2,0.0
sur,1,2,0.0
location_code,1,2,0.0
swivel_grate,1,2,0.0
chocolate:*,1,2,0.0
combat_vehicle,1,2,0.0
geocaching,1,2,0.0
consecration_date,1,2,0.0
vehicles,1,2,0.0
web_shop,1,2,0.0
old_healthcare,1,2,0.0
Remark,1,2,0.0
atmosphere,1,2,0.0
couvert,1,2,0.0
rooster:*,1,2,0.0
nch4:*,1,2,0.0
has:*,1,2,0.0
produce_3,1,2,0.0
combat_vehicle:*,1,2,0.0
ownership:*,1,2,0.0
dffr:*,1,2,0.0
cosmetology,1,2,0.0
hands_drying,1,2,0.0
confession_times,1,2,0.0
soiree_a_theme,1,2,0.0
TYPE,1,2,0.0
bsb,1,2,0.0
bmx,1,2,0.0
frozen_food,1,2,0.0
nrhp,1,2,0.0
istituto principale,1,2,0.0
concerts,1,2,0.0
glass,1,2,0.0
gas:*,1,2,0.0
csp:*,1,2,0.0
timeo,1,2,0.0
board_parts,1,2,0.0
nombre_bar,1,2,0.0
comercio,1,2,0.0
mobile_service,1,2,0.0
overhead,1,2,0.0
buoy:*,1,2,0.0
carpet_washing:*,1,2,0.0
vmvt:*,1,2,0.0
model_railway,1,2,0.0
fix_me,1,2,0.0
números,1,2,0.0
represent_date,1,2,0.0
old2013:*,2,2,0.0
arrow,1,2,0.0
drink_water,1,2,0.0
plaque_type,1,2,0.0
minheight,1,2,0.0
zero_waste:*,1,2,0.0
children_menu,1,2,0.0
bollard:*,1,2,0.0
tactile_paving:*,2,2,0.0
collectplus,1,2,0.0
parachuting:*,2,2,0.0
ef_ref,1,2,0.0
sailing:*,2,2,0.0
fountain_type,1,2,0.0
Shape,1,2,0.0
opening_hours_survey_date,1,2,0.0
clan,1,2,0.0
noise:*,2,2,0.0
Humanitarian:*,1,2,0.0
reptile,1,2,0.0
tractor,1,2,0.0
standby_hours,1,2,0.0
masaf:*,1,2,0.0
ambulance_station,1,2,0.0
equestrian,1,2,0.0
devotion:*,2,2,0.0
mobility_scooter,1,2,0.0
smokingcabinet,1,2,0.0
rotating,1,2,0.0
FIXME2,1,2,0.0
CALLSIGN,1,2,0.0
indoor_camping,1,2,0.0
donations_accepted,1,2,0.0
scanner,1,2,0.0
rer,1,2,0.0
creel_limit,1,2,0.0
skittles,1,2,0.0
Payment Method,1,2,0.0
pest_control,1,2,0.0
else,1,2,0.0
restricted,1,2,0.0
alt_name1:*,2,2,0.0
last_survey,1,2,0.0
start_of_construction_date,1,2,0.0
etymology,1,2,0.0
vacant:*,1,2,0.0
LPU,1,2,0.0
doctor:*,2,2,0.0
tenant:*,2,2,0.0
QUARTIER,1,2,0.0
touchscreen,1,2,0.0
using,1,2,0.0
typhoon:*,2,2,0.0
geodesy:*,2,2,0.0
monumental,1,2,0.0
entrance_marker:*,2,2,0.0
alt_description,1,2,0.0
ink_refill,1,2,0.0
ISTAT,1,2,0.0
ekatte,1,2,0.0
check_in:*,2,2,0.0
veteran_owned,1,2,0.0
oyster_ticket_stop,1,2,0.0
Alamat,1,2,0.0
url1,1,2,0.0
flat,1,2,0.0
capacitor_bank,1,2,0.0
loitering,1,2,0.0
brand_3,1,2,0.0
custom_made,1,2,0.0
last_order,1,2,0.0
property,1,2,0.0
est_start_date,1,2,0.0
offices,1,2,0.0
bring_your_own,1,2,0.0
animal_trap:*,2,2,0.0
jar,1,2,0.0
SchoolID,1,2,0.0
point_type:*,2,2,0.0
tent_pad,1,2,0.0
health_specialty_1,1,2,0.0
Bebida,1,2,0.0
eircode,1,2,0.0
community_asset,1,2,0.0
Denkmalnummer,1,2,0.0
duplicate_of,1,2,0.0
social_club,1,2,0.0
forest,1,2,0.0
hose_connector,1,2,0.0
spacecraft_propulsion,1,2,0.0
neon,1,2,0.0
moveable,1,2,0.0
off_licence,1,2,0.0
unused,1,2,0.0
toy_library,1,2,0.0
slot_height,1,2,0.0
wikimapia,1,2,0.0
updated_by,1,2,0.0
medical_supply:*,1,2,0.0
union,1,2,0.0
employees,1,2,0.0
gamble,1,2,0.0
green_roof,1,2,0.0
hitchhiking,1,2,0.0
parkour,1,2,0.0
tractor_wash,1,2,0.0
Status,1,2,0.0
discount,1,2,0.0
chile:*,1,2,0.0
amnesty_bin,1,2,0.0
visual:*,2,2,0.0
operator3,1,2,0.0
overtaking,1,2,0.0
old_tourism,1,2,0.0
history,1,2,0.0
handwashing_location,1,2,0.0
plots,1,2,0.0
volcano,1,2,0.0
Shelter ID,1,2,0.0
Union,1,2,0.0
topiary,1,2,0.0
resource:*,2,2,0.0
health_food,1,2,0.0
Horário de atendimento,1,2,0.0
Mo-Su,1,2,0.0
type_psp,1,2,0.0
toll_point,1,2,0.0
play_area,1,2,0.0
nudity,1,2,0.0
locate,1,2,0.0
image12,1,2,0.0
vignette,1,2,0.0
turn_to_close,1,2,0.0
deposit_counter,1,2,0.0
hitch,1,2,0.0
tap:*,1,2,0.0
cruise_ship,1,2,0.0
BIC,1,2,0.0
year_build,1,2,0.0
shuttle_bus,1,2,0.0
car_pooling,1,2,0.0
horse_riding:*,2,2,0.0
training_1,1,2,0.0
subject1:*,2,2,0.0
Rural_Urban,1,2,0.0
built2,1,2,0.0
upstairs,1,2,0.0
loc_name_2,1,2,0.0
operating_season,1,2,0.0
Local,1,2,0.0
Perimeter,1,2,0.0
converter,1,2,0.0
original:*,2,2,0.0
canal,1,2,0.0
emergency_counter,1,2,0.0
local_name:*,2,2,0.0
PH:*,1,2,0.0
kocher,1,2,0.0
created_at,1,2,0.0
can,1,2,0.0
cupholder,1,2,0.0
replication,1,2,0.0
explosion:*,2,2,0.0
deli_counter,1,2,0.0
sortiment,1,2,0.0
licence:*,2,2,0.0
ref_line,1,2,0.0
note_1:*,2,2,0.0
satellite:*,2,2,0.0
future:*,2,2,0.0
feeders,1,2,0.0
luggage_locker,1,2,0.0
ecological,1,2,0.0
flush,1,2,0.0
bleed_control_kit:*,1,2,0.0
fireproof,1,2,0.0
so,1,2,0.0
deli:*,2,2,0.0
gun_emplacement,1,2,0.0
time_trail:*,2,2,0.0
interval:*,1,2,0.0
laundry_centrifuge,1,2,0.0
pay_tv,1,2,0.0
freguesia,1,2,0.0
ablution:*,2,2,0.0
bubblesoccer:*,1,2,0.0
rescue_kit_pre_position,1,2,0.0
deification,1,2,0.0
viewpoint_type,1,2,0.0
building_2,1,2,0.0
confirmed,1,2,0.0
productos,1,2,0.0
nem,1,2,0.0
id_loc,1,2,0.0
boundary:*,1,2,0.0
upholsterer,1,2,0.0
Creado,1,2,0.0
plate:*,2,2,0.0
auctioneer,1,2,0.0
inscription_7,1,2,0.0
knowledge,1,2,0.0
Grocery,1,2,0.0
stand,1,2,0.0
nordic_ski,1,2,0.0
safety_rope,1,2,0.0
weight_balance:*,1,2,0.0
meet:*,1,2,0.0
testcenter_brand,1,2,0.0
suspected:*,2,2,0.0
electric_scooter:*,2,2,0.0
freerange,1,2,0.0
keys:*,1,2,0.0
callsign:*,2,2,0.0
parque,1,2,0.0
grass,1,2,0.0
fireworks,1,2,0.0
his:*,2,2,0.0
booth_ref,1,2,0.0
name_historic,1,2,0.0
athletics:*,1,2,0.0
distillery:*,2,2,0.0
grubhub,1,2,0.0
squatted,1,2,0.0
LICENSEE,1,2,0.0
scenery:*,2,2,0.0
alt_name_3:*,1,2,0.0
STRUCTYPE,1,2,0.0
insulation,1,2,0.0
denomination_principale_uai,1,2,0.0
touchandtravel:*,1,2,0.0
BYOB,1,2,0.0
transgender,1,2,0.0
in_store,1,2,0.0
map_series,1,2,0.0
waiting_area,1,2,0.0
rehabilitation,1,2,0.0
animal_keeping:*,1,2,0.0
maps,1,2,0.0
dataril,1,2,0.0
par:*,2,2,0.0
key_duplication,1,2,0.0
lugar,1,2,0.0
finance_agent,1,2,0.0
doctor_specialist,1,2,0.0
attraction_1,1,2,0.0
curved,1,2,0.0
Leibnitz_lädt_ein,1,2,0.0
short_term_rentals,1,2,0.0
danger:*,2,2,0.0
art_studio,1,2,0.0
no_mattilsynet:*,2,2,0.0
physician,1,2,0.0
h-type,1,2,0.0
PMSA_ref2,1,2,0.0
README,1,2,0.0
ash,1,2,0.0
printing:*,2,2,0.0
contact_address,1,2,0.0
open_until,1,2,0.0
replicates:*,2,2,0.0
sprays,1,2,0.0
membership_card,1,2,0.0
locker:*,1,2,0.0
food_type,1,2,0.0
2,1,2,0.0
brand2,1,2,0.0
geotop:*,1,2,0.0
fire_mains,1,2,0.0
strazakosm:*,2,2,0.0
chicha,1,2,0.0
internet:*,1,2,0.0
nonprofit,1,2,0.0
rideshare,1,2,0.0
shop_old,1,2,0.0
telt,1,2,0.0
stall,1,2,0.0
works:*,1,2,0.0
kicker,1,2,0.0
cricket,1,2,0.0
distance_to_end,1,2,0.0
bulk_bill,1,2,0.0
isuo,1,2,0.0
doorbell,1,2,0.0
wide_stands:*,1,2,0.0
in_use,1,2,0.0
mh:*,1,2,0.0
passport_photo,1,2,0.0
gymnasium,1,2,0.0
group_only:*,1,1,0.0
biotic_reef:*,1,1,0.0
curtain:*,1,1,0.0
old_old_name:*,1,1,0.0
english,1,1,0.0
bounday_post,1,1,0.0
code:*,1,1,0.0
fountain_pen:*,1,1,0.0
area_m2,1,1,0.0
HUERTA,1,1,0.0
jpoi,1,1,0.0
skittle_alley,1,1,0.0
allergist,1,1,0.0
futon,1,1,0.0
screen_wash,1,1,0.0
blessed,1,1,0.0
meals,1,1,0.0
code_ihsi,1,1,0.0
lieu,1,1,0.0
paddle_rental,1,1,0.0
ref_historic,1,1,0.0
holy_communion,1,1,0.0
wheelchair_boarding,1,1,0.0
sodcard.mn,1,1,0.0
molok,1,1,0.0
pipelinemarker,1,1,0.0
shop_manager,1,1,0.0
dire,1,1,0.0
photo_printing,1,1,0.0
triple_tower,1,1,0.0
drainpipe,1,1,0.0
LAN,1,1,0.0
Slogan/tagline,1,1,0.0
early_voting,1,1,0.0
codice_meccanografico,1,1,0.0
smoke:*,1,1,0.0
tract,1,1,0.0
inside_submarine_view,1,1,0.0
couching,1,1,0.0
external_access,1,1,0.0
Youtube,1,1,0.0
balloons,1,1,0.0
ophthalmic_surgeon,1,1,0.0
HRA,1,1,0.0
rapid_grade,1,1,0.0
student /Teacher ratio,1,1,0.0
wheelchair_parking,1,1,0.0
Club,1,1,0.0
electronic_device,1,1,0.0
bicycle_tube,1,1,0.0
اتصالات,1,1,0.0
outreach_services,1,1,0.0
mmc,1,1,0.0
nursing_home,1,1,0.0
casting_name,1,1,0.0
wheel_benders,1,1,0.0
training_type,1,1,0.0
Partenza,1,1,0.0
ambulatory,1,1,0.0
fire:*,1,1,0.0
site_orientation,1,1,0.0
solar_thermal_collector:*,1,1,0.0
reservation_drugs,1,1,0.0
obstacle_description,1,1,0.0
Speedex,1,1,0.0
prescription,1,1,0.0
department_store,1,1,0.0
level_crossing,1,1,0.0
poultry,1,1,0.0
bbq_plates,1,1,0.0
reservaton,1,1,0.0
fish:*,1,1,0.0
mastercard,1,1,0.0
physiotherapist,1,1,0.0
hgv_articulated:*,1,1,0.0
free_day,1,1,0.0
long_term_stay,1,1,0.0
setup,1,1,0.0
locking,1,1,0.0
skates,1,1,0.0
FIS:*,1,1,0.0
indoor_loc_url,1,1,0.0
lon:*,1,1,0.0
e-book:*,1,1,0.0
old_full_name,1,1,0.0
open to public,1,1,0.0
Referenz,1,1,0.0
dollar_store,1,1,0.0
future,1,1,0.0
fare:*,1,1,0.0
led:*,1,1,0.0
zoning,1,1,0.0
turkey_class,1,1,0.0
enshrine_3,1,1,0.0
oysters,1,1,0.0
faucet:*,1,1,0.0
electrified:*,1,1,0.0
picto,1,1,0.0
repeating,1,1,0.0
letterbox:*,1,1,0.0
cycle_through,1,1,0.0
ref_rwn,1,1,0.0
disco,1,1,0.0
naf,1,1,0.0
classroom,1,1,0.0
obedoedId,1,1,0.0
tipas,1,1,0.0
ideology,1,1,0.0
propietarios,1,1,0.0
porn_movies,1,1,0.0
drying_rack,1,1,0.0
naac,1,1,0.0
pst_number,1,1,0.0
cures,1,1,0.0
farm_type,1,1,0.0
start_date_est,1,1,0.0
pet_food,1,1,0.0
mountain,1,1,0.0
fire_service,1,1,0.0
office_equipment,1,1,0.0
playhouse,1,1,0.0
primary,1,1,0.0
slow_food,1,1,0.0
byo,1,1,0.0
Varinho,1,1,0.0
post_partner,1,1,0.0
unfranked_mail,1,1,0.0
advertisment,1,1,0.0
sterge,1,1,0.0
chiseler,1,1,0.0
fortified,1,1,0.0
shipping_fee,1,1,0.0
friendly,1,1,0.0
infoshop,1,1,0.0
book_rental,1,1,0.0
est_step_count,1,1,0.0
handicapped_scuba,1,1,0.0
source_name,1,1,0.0
central_bank,1,1,0.0
mvv:*,1,1,0.0
seating_area,1,1,0.0
family_rooms,1,1,0.0
handcraft,1,1,0.0
board_material,1,1,0.0
change_room,1,1,0.0
farmland,1,1,0.0
artwork_ref,1,1,0.0
name_original,1,1,0.0
odo,1,1,0.0
houseboat,1,1,0.0
passage_time,1,1,0.0
brewing_supplies,1,1,0.0
subu,1,1,0.0
sight_dist,1,1,0.0
OTIS_ID,1,1,0.0
burned,1,1,0.0
pupuseria,1,1,0.0
Année de réhabilitation,1,1,0.0
org_ref,1,1,0.0
habitat,1,1,0.0
set_down,1,1,0.0
masks_required,1,1,0.0
Association,1,1,0.0
street_plate,1,1,0.0
dismantled,1,1,0.0
θέσεις,1,1,0.0
anm,1,1,0.0
supper_club,1,1,0.0
emergency_shelter,1,1,0.0
craft_key,1,1,0.0
alt_tourism,1,1,0.0
second-chance,1,1,0.0
trinkets,1,1,0.0
kids_corner,1,1,0.0
sup,1,1,0.0
lombok,1,1,0.0
costumes,1,1,0.0
gourmet_cheque_acceptant,1,1,0.0
rebuilt,1,1,0.0
arquitectura,1,1,0.0
game_room,1,1,0.0
image_old,1,1,0.0
med_general_practice,1,1,0.0
deadline,1,1,0.0
tilted,1,1,0.0
surgery,1,1,0.0
puzzle,1,1,0.0
mosquito_nets,1,1,0.0
serial,1,1,0.0
religion_1,1,1,0.0
building_materials,1,1,0.0
violence,1,1,0.0
lcd_screen:*,1,1,0.0
variable_message,1,1,0.0
Площадь,1,1,0.0
gosmore_note,1,1,0.0
aerodrome,1,1,0.0
second chance,1,1,0.0
map_quality,1,1,0.0
domaine,1,1,0.0
water_wheel,1,1,0.0
date_de_val,1,1,0.0
bring_packaging,1,1,0.0
boltcutters,1,1,0.0
MGR,1,1,0.0
numero mesas,1,1,0.0
larochelle_idwc,1,1,0.0
sub_name,1,1,0.0
rv,1,1,0.0
incubator,1,1,0.0
subtype,1,1,0.0
gas_insulated,1,1,0.0
stork_nest,1,1,0.0
waxing,1,1,0.0
refrigerated_parcels,1,1,0.0
short_description,1,1,0.0
missing,1,1,0.0
inmemorium,1,1,0.0
office_3,1,1,0.0
type_of_craft,1,1,0.0
starting_point,1,1,0.0
xbox,1,1,0.0
crypt,1,1,0.0
ID_ENT,1,1,0.0
ref_ft,1,1,0.0
ENG,1,1,0.0
streetcar,1,1,0.0
wilderness,1,1,0.0
withdrawal_outside,1,1,0.0
HAAT,1,1,0.0
team:*,1,1,0.0
gocart,1,1,0.0
entrance_name,1,1,0.0
mapcode,1,1,0.0
operator_1:*,1,1,0.0
cafe_name,1,1,0.0
billpay,1,1,0.0
asphalt:*,1,1,0.0
dam,1,1,0.0
slowflower,1,1,0.0
pies,1,1,0.0
decorations,1,1,0.0
old_alt_shop,1,1,0.0
old_old_shop,1,1,0.0
plaza,1,1,0.0
trendy,1,1,0.0
furnishings,1,1,0.0
callname,1,1,0.0
demolished_date,1,1,0.0
camp_host,1,1,0.0
slippers,1,1,0.0
numero,1,1,0.0
frutaria,1,1,0.0
fitness_classes,1,1,0.0
new_shop,1,1,0.0
online:*,1,1,0.0
helicopter,1,1,0.0
종류,1,1,0.0
urlq,1,1,0.0
troglodytic,1,1,0.0
permit_type,1,1,0.0
people,1,1,0.0
historical,1,1,0.0
letter_input_height,1,1,0.0
shwarma,1,1,0.0
trans,1,1,0.0
artwork type,1,1,0.0
seatrest,1,1,0.0
predial,1,1,0.0
web-admin,1,1,0.0
cuvette,1,1,0.0
alcohol_only,1,1,0.0
Use,1,1,0.0
camcamping,1,1,0.0
stato,1,1,0.0
hgv_spaces,1,1,0.0
EDUID,1,1,0.0
rural_distrikt,1,1,0.0
humanitarian_organization,1,1,0.0
migros,1,1,0.0
horse_rental,1,1,0.0
double_tracked_motor_vehicle,1,1,0.0
lies,1,1,0.0
lounge_chairs,1,1,0.0
arkkitehtuuripolku,1,1,0.0
unfranked,1,1,0.0
phone_non_emgy_dispatch,1,1,0.0
nest,1,1,0.0
animal_2,1,1,0.0
view:*,1,1,0.0
green,1,1,0.0
alt_name_8,1,1,0.0
garage_door:*,1,1,0.0
rail_bike,1,1,0.0
institution,1,1,0.0
arcade_machine,1,1,0.0
harley,1,1,0.0
yacht,1,1,0.0
share_food,1,1,0.0
sand_yacht:*,1,1,0.0
tanning_salon,1,1,0.0
neon_light:*,1,1,0.0
blessed:*,1,1,0.0
preorder,1,1,0.0
harware:*,1,1,0.0
improvised,1,1,0.0
scientific_station:*,1,1,0.0
NGR,1,1,0.0
psychotherapist:*,1,1,0.0
kartaview:*,1,1,0.0
soccer:*,1,1,0.0
art_essai:*,1,1,0.0
deposit_ring:*,1,1,0.0
trap:*,1,1,0.0
foyer:*,1,1,0.0
INPUT,1,1,0.0
government_2,1,1,0.0
practitioners:*,1,1,0.0
bpjs,1,1,0.0
own,1,1,0.0
food_distribution,1,1,0.0
age:*,1,1,0.0
trunk:*,1,1,0.0
cruises,1,1,0.0
replica:*,1,1,0.0
biergarten:*,1,1,0.0
toilet_condition:*,1,1,0.0
founded:*,1,1,0.0
pest_control:*,1,1,0.0
spa:*,1,1,0.0
COM_NOM,1,1,0.0
cultural_centre:*,1,1,0.0
quality:*,1,1,0.0
electronic,1,1,0.0
gluten_free:*,1,1,0.0
changing,1,1,0.0
cattle_breed,1,1,0.0
vacuum:*,1,1,0.0
fm_radio,1,1,0.0
signposted,1,1,0.0
default_language,1,1,0.0
spade,1,1,0.0
suggested:*,1,1,0.0
construction_end,1,1,0.0
donor:*,1,1,0.0
wreck_debris:*,1,1,0.0
diving_board,1,1,0.0
bleachers:*,1,1,0.0
source_3:*,1,1,0.0
occupant:*,1,1,0.0
los_angeles:*,1,1,0.0
lat:*,1,1,0.0
sub_denomination,1,1,0.0
remote_office,1,1,0.0
start_date_mc,1,1,0.0
BBB,1,1,0.0
unit_no,1,1,0.0
pressure:*,1,1,0.0
soley_leve:*,1,1,0.0
old_name_2:*,1,1,0.0
lst,1,1,0.0
corridor11,1,1,0.0
shelter_tj,1,1,0.0
island_size,1,1,0.0
haidresser,1,1,0.0
produits,1,1,0.0
static_tents,1,1,0.0
eligibility,1,1,0.0
old_website_1,1,1,0.0
crescent,1,1,0.0
printer_ink:*,1,1,0.0
client,1,1,0.0
remittance,1,1,0.0
dog_walking,1,1,0.0
business type,1,1,0.0
amenity_old,1,1,0.0
detail_source,1,1,0.0
top_up:*,1,1,0.0
hist_name,1,1,0.0
production_date,1,1,0.0
sports_bar,1,1,0.0
metalworking:*,1,1,0.0
snow_hiking,1,1,0.0
greenway,1,1,0.0
facebook:*,1,1,0.0
fcc:*,1,1,0.0
fabrics,1,1,0.0
CEP,1,1,0.0
pav,1,1,0.0
designed_by,1,1,0.0
opis,1,1,0.0
statuary_group:*,1,1,0.0
open_toilet,1,1,0.0
nbp:*,1,1,0.0
bilboard,1,1,0.0
chief,1,1,0.0
skittle,1,1,0.0
price_group,1,1,0.0
cash_advance,1,1,0.0
lst:*,1,1,0.0
situation,1,1,0.0
tiers,1,1,0.0
apiary,1,1,0.0
inscription_0,1,1,0.0
hvv_service,1,1,0.0
rotisserie,1,1,0.0
대영리,1,1,0.0
tsunami,1,1,0.0
steam_room,1,1,0.0
mappingdc:*,1,1,0.0
transit_no,1,1,0.0
local_operated,1,1,0.0
Avenue,1,1,0.0
fod,1,1,0.0
Dia Mundial de Adoracion,1,1,0.0
phone_additional,1,1,0.0
dof,1,1,0.0
concentration_co2,1,1,0.0
suites,1,1,0.0
cars,1,1,0.0
firetrucks,1,1,0.0
deity,1,1,0.0
ATS,1,1,0.0
flickr:*,1,1,0.0
earth_bank,1,1,0.0
educations:*,1,1,0.0
interior_decoration:*,1,1,0.0
baby_goods,1,1,0.0
inactive:*,1,1,0.0
shortname,1,1,0.0
serving_robot,1,1,0.0
Leseecke,1,1,0.0
basin_count,1,1,0.0
openstreetcam,1,1,0.0
Meres_One,1,1,0.0
skydiving:*,1,1,0.0
wardrobe,1,1,0.0
prodotti,1,1,0.0
customers:*,1,1,0.0
ecoresponsible_trade,1,1,0.0
flow_direction,1,1,0.0
home_visits,1,1,0.0
images,1,1,0.0
netbook,1,1,0.0
other_facility_type,1,1,0.0
GLOBAL,1,1,0.0
PRIORITY,1,1,0.0
type_of_identity,1,1,0.0
fair_operator,1,1,0.0
authority:*,1,1,0.0
NA court,1,1,0.0
food_locker,1,1,0.0
water_tank,1,1,0.0
crash:*,1,1,0.0
paint_on_your_own,1,1,0.0
non_potable:*,1,1,0.0
congregational,1,1,0.0
alt_name4,1,1,0.0
nonstop,1,1,0.0
Ufficio,1,1,0.0
adoption_partner,1,1,0.0
lbl_en,1,1,0.0
lunch_menu,1,1,0.0
LPG,1,1,0.0
cooked_on_premises,1,1,0.0
lrn_milepost,1,1,0.0
electric_kick_scooter:*,1,1,0.0
guid,1,1,0.0
image15,1,1,0.0
image18,1,1,0.0
capacity_1,1,1,0.0
specialism,1,1,0.0
maxload,1,1,0.0
tuning_date,1,1,0.0
Forestry,1,1,0.0
pitches,1,1,0.0
ambulance_station:*,1,1,0.0
hill,1,1,0.0
clothing_bank,1,1,0.0
Hosteria,1,1,0.0
incoming,1,1,0.0
love_lockers,1,1,0.0
bureau.de_change,1,1,0.0
hours,1,1,0.0
illumination,1,1,0.0
inauguration_date,1,1,0.0
burners,1,1,0.0
van:*,1,1,0.0
horse_dung,1,1,0.0
karaoke_box,1,1,0.0
MICR_Code,1,1,0.0
selection,1,1,0.0
dentist:*,1,1,0.0
hearing impaired,1,1,0.0
crás,1,1,0.0
cooporative,1,1,0.0
newaesthetic,1,1,0.0
interflora,1,1,0.0
hydrant_type,1,1,0.0
built:*,1,1,0.0
pastery,1,1,0.0
lad:*,1,1,0.0
has_outside_atm,1,1,0.0
hardway,1,1,0.0
guns,1,1,0.0
energy_supplier,1,1,0.0
rubber_boat,1,1,0.0
pet_supplies,1,1,0.0
Typ,1,1,0.0
pedestrian,1,1,0.0
provided:*,1,1,0.0
brick_column:*,1,1,0.0
xc_ski,1,1,0.0
rhn,1,1,0.0
animal_market,1,1,0.0
caravans:*,1,1,0.0
lookout,1,1,0.0
stomavriendelijk,1,1,0.0
opening_date:*,1,1,0.0
bank_code_number,1,1,0.0
numéro,1,1,0.0
license_no,1,1,0.0
softdrugs,1,1,0.0
name_was,1,1,0.0
shed:*,1,1,0.0
chautaro,1,1,0.0
official_name1,1,1,0.0
ct,1,1,0.0
vebindung:*,1,1,0.0
artwork_number,1,1,0.0
maridalensvenner:*,1,1,0.0
robots,1,1,0.0
artist_nickname,1,1,0.0
blazed:*,1,1,0.0
places,1,1,0.0
name_of_di,1,1,0.0
date_cre,1,1,0.0
library_lending,1,1,0.0
non-alkoholic,1,1,0.0
numero de trabajadore,1,1,0.0
kelurahan,1,1,0.0
kargo,1,1,0.0
woman_owner:*,1,1,0.0
number_of_mirrors,1,1,0.0
parfume,1,1,0.0
shuttle,1,1,0.0
emergency_dispensing,1,1,0.0
1st teaching,1,1,0.0
hei,1,1,0.0
accepts,1,1,0.0
oil:*,1,1,0.0
juvenile,1,1,0.0
top_ele,1,1,0.0
barechested,1,1,0.0
patisserie,1,1,0.0
rental_1,1,1,0.0
chain,1,1,0.0
fetish_club,1,1,0.0
electric_motor:*,1,1,0.0
team,1,1,0.0
health_dist,1,1,0.0
soliciting,1,1,0.0
faces:*,1,1,0.0
kantor,1,1,0.0
max_occupancy,1,1,0.0
com,1,1,0.0
uuid:*,1,1,0.0
katotth,1,1,0.0
stop_number,1,1,0.0
investor,1,1,0.0
traffic_calming:*,1,1,0.0
campaign:*,1,1,0.0
product_2,1,1,0.0
QZONE,1,1,0.0
skatepark,1,1,0.0
number_of_meal,1,1,0.0
future_shop,1,1,0.0
heater,1,1,0.0
digital_board,1,1,0.0
aatl:*,1,1,0.0
consultas,1,1,0.0
TIPO,1,1,0.0
tva_number,1,1,0.0
denkmalschutz,1,1,0.0
old_branch:*,1,1,0.0
bloc,1,1,0.0
artist_subject,1,1,0.0
jumua,1,1,0.0
boulder,1,1,0.0
seiklejaee,1,1,0.0
sciscia,1,1,0.0
ethnic_group,1,1,0.0
medication,1,1,0.0
unbranded,1,1,0.0
USB_charging,1,1,0.0
coordinate,1,1,0.0
luggage_transport,1,1,0.0
armoured_vehicle,1,1,0.0
photo_location,1,1,0.0
drawbar_slot,1,1,0.0
Ratio eleve/banc,1,1,0.0
baby_seat,1,1,0.0
short_alt_name,1,1,0.0
plinth:*,1,1,0.0
common_name:*,1,1,0.0
homefood,1,1,0.0
ski_parking,1,1,0.0
sale:*,1,1,0.0
coopi_public_buildings,1,1,0.0
start:*,1,1,0.0
osm_note,1,1,0.0
quarter,1,1,0.0
international,1,1,0.0
เทศบาล,1,1,0.0
vehicle_depot,1,1,0.0
traffic_flow,1,1,0.0
guest_house_1,1,1,0.0
viniculture,1,1,0.0
guide_service:*,1,1,0.0
village_code,1,1,0.0
mongolia,1,1,0.0
top,1,1,0.0
cuisine_4,1,1,0.0
CNO,1,1,0.0
carving,1,1,0.0
quiet_time,1,1,0.0
ruins_state,1,1,0.0
placement:*,1,1,0.0
arrivals_board,1,1,0.0
floorspace,1,1,0.0
old_community,1,1,0.0
old_confectionery,1,1,0.0
ablutions,1,1,0.0
CHECKME,1,1,0.0
beach_accessories,1,1,0.0
hiddenhouse,1,1,0.0
seafood_shop,1,1,0.0
sphere,1,1,0.0
visits,1,1,0.0
wet,1,1,0.0
UNESCO,1,1,0.0
discontinued,1,1,0.0
geological_maps,1,1,0.0
especialidad,1,1,0.0
flight_school,1,1,0.0
googleplaceid,1,1,0.0
ordering,1,1,0.0
paragliding,1,1,0.0
charity_number,1,1,0.0
yarn_bomb,1,1,0.0
payment_terminal:*,1,1,0.0
phase,1,1,0.0
parcel_box,1,1,0.0
AUTRE_REM,1,1,0.0
old_wikipedia,1,1,0.0
court:*,1,1,0.0
saw,1,1,0.0
goalposts,1,1,0.0
regionname,1,1,0.0
village_green,1,1,0.0
automobile,1,1,0.0
رقم التفويض,1,1,0.0
art_school:*,1,1,0.0
pedalboat:*,1,1,0.0
mushola,1,1,0.0
shopping_cart,1,1,0.0
place_of_death:*,1,1,0.0
boat_type,1,1,0.0
old_loc_name,1,1,0.0
Notiz,1,1,0.0
coworking_space:*,1,1,0.0
bulk,1,1,0.0
backhoe:*,1,1,0.0
drama:*,1,1,0.0
hot_meals,1,1,0.0
realtime_traffic_info,1,1,0.0
raceway,1,1,0.0
old_sorting_name,1,1,0.0
al,1,1,0.0
frame:*,1,1,0.0
straeto:*,1,1,0.0
TOWREG,1,1,0.0
Kem,1,1,0.0
audio_description,1,1,0.0
rural,1,1,0.0
dispute:*,1,1,0.0
berry,1,1,0.0
offsite:*,1,1,0.0
outside_food,1,1,0.0
No of INF,1,1,0.0
erosion,1,1,0.0
designer_name,1,1,0.0
easyorder,1,1,0.0
status_indicator,1,1,0.0
return_machine,1,1,0.0
winemaker,1,1,0.0
rtp:*,1,1,0.0
after_hours_return,1,1,0.0
Niveau-Bati,1,1,0.0
description_ref,1,1,0.0
bird_watching,1,1,0.0
Age,1,1,0.0
inventory,1,1,0.0
inside_atm_op,1,1,0.0
instructions:*,1,1,0.0
energy_class,1,1,0.0
Leiter,1,1,0.0
built_by,1,1,0.0
TIPO DE ENTIDAD,1,1,0.0
left,1,1,0.0
right,1,1,0.0
good:*,1,1,0.0
lamp,1,1,0.0
trapping,1,1,0.0
rubbsh_crusher,1,1,0.0
clothing_alterations,1,1,0.0
previous_url,1,1,0.0
maybe:*,1,1,0.0
fieldcheck,1,1,0.0
hotspot_id,1,1,0.0
orientation_map:*,1,1,0.0
scuba,1,1,0.0
Siska,1,1,0.0
c2c:*,1,1,0.0
square,1,1,0.0
fonderie,1,1,0.0
surveillance_1,1,1,0.0
bitterballen,1,1,0.0
table_soccer:*,1,1,0.0
guided_tours:*,1,1,0.0
wave_pool,1,1,0.0
humanitarian_aid,1,1,0.0
cardkey,1,1,0.0
addr2,1,1,0.0
3dmr:*,1,1,0.0
monowheel:*,1,1,0.0
small_electric_vehicles,1,1,0.0
Kantor,1,1,0.0
register_book,1,1,0.0
pommes,1,1,0.0
swimwear,1,1,0.0
single_male,1,1,0.0
sub_title,1,1,0.0
fee_amount,1,1,0.0
goals:*,1,1,0.0
victims,1,1,0.0
summit,1,1,0.0
service_centre,1,1,0.0
height_trunk,1,1,0.0
boathorsepowerlimit,1,1,0.0
note_bft:*,1,1,0.0
sell_type,1,1,0.0
web_shop:*,1,1,0.0
payments,1,1,0.0
JLT:*,1,1,0.0
cabine,1,1,0.0
year_off,1,1,0.0
tecnical,1,1,0.0
it_load,1,1,0.0
foyer,1,1,0.0
tastings,1,1,0.0
shipment,1,1,0.0
Company,1,1,0.0
dec,1,1,0.0
rafting,1,1,0.0
chair:*,1,1,0.0
historic_name:*,1,1,0.0
Buvette,1,1,0.0
camp_assessment_agency_name,1,1,0.0
stream,1,1,0.0
Kecamatan,1,1,0.0
vhf:*,1,1,0.0
shadecloth,1,1,0.0
escalator,1,1,0.0
daily,1,1,0.0
noe,1,1,0.0
conservation_listing,1,1,0.0
store number,1,1,0.0
bys,1,1,0.0
queue,1,1,0.0
rings,1,1,0.0
projection_room,1,1,0.0
paved,1,1,0.0
collateral,1,1,0.0
capital_level,1,1,0.0
wingtsun:*,1,1,0.0
catmp-RoadID,1,1,0.0
rabbit,1,1,0.0
srln hyväksymä,1,1,0.0
condo,1,1,0.0
background_radiation,1,1,0.0
est_height:*,1,1,0.0
bastion,1,1,0.0
cross_of_sacrifice:*,1,1,0.0
enshrine_2,1,1,0.0
stationery:*,1,1,0.0
rinks,1,1,0.0
organizer,1,1,0.0
merchant,1,1,0.0
Value,1,1,0.0
allowance,1,1,0.0
convenience:*,1,1,0.0
ditib:*,1,1,0.0
clock_type,1,1,0.0
est_ele,1,1,0.0
on_table,1,1,0.0
surf,1,1,0.0
locks,1,1,0.0
pre-CLC:*,1,1,0.0
alt_sport,1,1,0.0
opra,1,1,0.0
morehouse:*,1,1,0.0
nutrition_supplements,1,1,0.0
maxweightrating,1,1,0.0
hut_type,1,1,0.0
arlh:*,1,1,0.0
strassen-nrw:*,1,1,0.0
cuijone:*,1,1,0.0
gardening_equipment,1,1,0.0
trails,1,1,0.0
kayak_tour,1,1,0.0
beachvolleyball:*,1,1,0.0
initiator,1,1,0.0
shop_in_shop,1,1,0.0
map_form,1,1,0.0
Operation,1,1,0.0
skate_rental,1,1,0.0
social_club:*,1,1,0.0
daytour,1,1,0.0
na,1,1,0.0
SMA,1,1,0.0
lgtbq,1,1,0.0
indigenous,1,1,0.0
rehearsal_studio,1,1,0.0
lounger:*,1,1,0.0
data:*,1,1,0.0
coffee_house,1,1,0.0
winniedepooh,1,1,0.0
damboinquerito,1,1,0.0
БРСМ-Нафта,1,1,0.0
arrond,1,1,0.0
horario atenio,1,1,0.0
apc,1,1,0.0
mode,1,1,0.0
platform_section_sign_value,1,1,0.0
air_fill,1,1,0.0
vehicle_part,1,1,0.0
target_gro,1,1,0.0
social_services,1,1,0.0
protection_level,1,1,0.0
refurbished_date,1,1,0.0
baptist,1,1,0.0
service_3,1,1,0.0
start_place,1,1,0.0
LfKD:*,1,1,0.0
dropzone,1,1,0.0
old_amenity:*,1,1,0.0
Mis_a_jour,1,1,0.0
property_number,1,1,0.0
ประเภท,1,1,0.0
clli,1,1,0.0
latest_fhrs_date,1,1,0.0
sport_feature,1,1,0.0
Bersurat,1,1,0.0
children:*,1,1,0.0
compensator,1,1,0.0
fourniture,1,1,0.0
latino_owner,1,1,0.0
eh:*,1,1,0.0
Open_Date,1,1,0.0
secta,1,1,0.0
mp3_player:*,1,1,0.0
taste,1,1,0.0
foo,1,1,0.0
GAZİANTEP TÜP,1,1,0.0
ticks,1,1,0.0
association_type,1,1,0.0
poject:*,1,1,0.0
arrested_dated,1,1,0.0
new_sales,1,1,0.0
baby-food,1,1,0.0
brand2:*,1,1,0.0
guidage,1,1,0.0
old_location,1,1,0.0
plumbing,1,1,0.0
microbrewery:*,1,1,0.0
windsurf:*,1,1,0.0
womam_owner,1,1,0.0
info.roma,1,1,0.0
day_old,1,1,0.0
petanque,1,1,0.0
travel_money,1,1,0.0
Authority,1,1,0.0
archaeologist:*,1,1,0.0
art_exhibitions,1,1,0.0
visit:*,1,1,0.0
solid_wastes,1,1,0.0
personnel_consultant,1,1,0.0
departure_times,1,1,0.0
emergency_ward,1,1,0.0
smart,1,1,0.0
robin_hood,1,1,0.0
identificativo,1,1,0.0
tfl_tickets,1,1,0.0
jimgilbang,1,1,0.0
cycling_width,1,1,0.0
reg_ref:*,1,1,0.0
short_number,1,1,0.0
indoor_standing,1,1,0.0
counter_service,1,1,0.0
artwork_type_2,1,1,0.0
station_number,1,1,0.0
working Area,1,1,0.0
hand_tools:*,1,1,0.0
carbonated_water,1,1,0.0
tree_lined:*,1,1,0.0
地址,1,1,0.0
bolzplatz,1,1,0.0
squared_stone,1,1,0.0
animals_name,1,1,0.0
scy,1,1,0.0
satellite_tv,1,1,0.0
riding_school,1,1,0.0
tutoring,1,1,0.0
housing,1,1,0.0
coaching,1,1,0.0
butane,1,1,0.0
historique,1,1,0.0
permanent_makeup,1,1,0.0
video_arcade,1,1,0.0
life_cycle,1,1,0.0
note_sv,1,1,0.0
lined,1,1,0.0
fire_extinguisher,1,1,0.0
nms_id,1,1,0.0
pet_hotel,1,1,0.0
snowboard,1,1,0.0
km,1,1,0.0
death_date,1,1,0.0
edinburgh_fringe,1,1,0.0
loc8,1,1,0.0
tat,1,1,0.0
a-oikeudet,1,1,0.0
softdrinks,1,1,0.0
winter_sport,1,1,0.0
ISO3166-2,1,1,0.0
carved,1,1,0.0
สำอำส,1,1,0.0
bible_study,1,1,0.0
Carnaval,1,1,0.0
authoritative,1,1,0.0
foreign_currency,1,1,0.0
heritage_1,1,1,0.0
has_waiting_room,1,1,0.0
restroom,1,1,0.0
nom_utc,1,1,0.0
boardwalk,1,1,0.0
telephone_box,1,1,0.0
teleatendimento,1,1,0.0
pedalo,1,1,0.0
amenity_water,1,1,0.0
connection,1,1,0.0
comemorates,1,1,0.0
lavoir_type,1,1,0.0
accident,1,1,0.0
cattery,1,1,0.0
sharing,1,1,0.0
parcel_box:*,1,1,0.0
charge_description,1,1,0.0
civic,1,1,0.0
oriental_fruit,1,1,0.0
plus_code,1,1,0.0
test,1,1,0.0
low_cost,1,1,0.0
adoration_times,1,1,0.0
registration_year,1,1,0.0
acp,1,1,0.0
krs,1,1,0.0
syringe_exchange,1,1,0.0
Patron,1,1,0.0
optometrist,1,1,0.0
update_date,1,1,0.0
pricing,1,1,0.0
alt_name_7,1,1,0.0
iowa business number,1,1,0.0
brand_ref,1,1,0.0
recruitment,1,1,0.0
example,1,1,0.0
gift:*,1,1,0.0
coworking:*,1,1,0.0
2016olympicgames:*,1,1,0.0
veteran,1,1,0.0
corporation:*,1,1,0.0
microchip:*,1,1,0.0
imports,1,1,0.0
sport_equipment:*,1,1,0.0
noexit:*,1,1,0.0
medical_facility:*,1,1,0.0
operating:*,1,1,0.0
beekeeping:*,1,1,0.0
boundary_marker:*,1,1,0.0
vessel:*,1,1,0.0
start_event:*,1,1,0.0
outerspatial:*,1,1,0.0
psychic,1,1,0.0
persecution,1,1,0.0
red_turn:*,1,1,0.0
border_between,1,1,0.0
coin counter,1,1,0.0
keycard,1,1,0.0
csa,1,1,0.0
boats,1,1,0.0
literature,1,1,0.0
altar,1,1,0.0
speech_therapist,1,1,0.0
parentstreet,1,1,0.0
gurudawara sahib,1,1,0.0
laser_game,1,1,0.0
makerspace,1,1,0.0
glow_with_the_show,1,1,0.0
tasting_room,1,1,0.0
seminary,1,1,0.0
bonfire,1,1,0.0
performance_times,1,1,0.0
distance sede central,1,1,0.0
waterfront,1,1,0.0
período,1,1,0.0
neme,1,1,0.0
blood_pressure_monitor,1,1,0.0
clock_repair,1,1,0.0
branche_fein,1,1,0.0
branche_grob,1,1,0.0
epicerie,1,1,0.0
hospital_facility:*,1,1,0.0
celiac,1,1,0.0
General,1,1,0.0
tent_pad:*,1,1,0.0
roadmark,1,1,0.0
proprietaire,1,1,0.0
utility_service,1,1,0.0
sim_cards,1,1,0.0
new_age,1,1,0.0
accessiblity,1,1,0.0
lunar:*,1,1,0.0
field_5,1,1,0.0
public_transport_top_up,1,1,0.0
locality:*,1,1,0.0
nutrition_counselling,1,1,0.0
reseau,1,1,0.0
cocina,1,1,0.0
cbi_type,1,1,0.0
name1:*,1,1,0.0
Victoria,1,1,0.0
lobby_floor,1,1,0.0
rue,1,1,0.0
meaning,1,1,0.0
wbs,1,1,0.0
plant_hire,1,1,0.0
hamlet,1,1,0.0
worship_service,1,1,0.0
year_on,1,1,0.0
kitesurfing_rental,1,1,0.0
church_ale,1,1,0.0
firepit:*,1,1,0.0
curator,1,1,0.0
map_date,1,1,0.0
mobile_device,1,1,0.0
locally_grown,1,1,0.0
foodshed,1,1,0.0
id_station,1,1,0.0
Homeadvisor,1,1,0.0
snorkels,1,1,0.0
Transport,1,1,0.0
old_CAMRA_id,1,1,0.0
storage_type,1,1,0.0
extension_phone,1,1,0.0
magazines,1,1,0.0
nhr_id,1,1,0.0
observaciones,1,1,0.0
Angi,1,1,0.0
public_place,1,1,0.0
outdoor_serving,1,1,0.0
website_4,1,1,0.0
service_wash,1,1,0.0
TOPONYME,1,1,0.0
bazar,1,1,0.0
year_created,1,1,0.0
ladders,1,1,0.0
sato,1,1,0.0
electronic_token,1,1,0.0
paint:*,1,1,0.0
classificazione,1,1,0.0
ne,1,1,0.0
bracelets,1,1,0.0
changers,1,1,0.0
prepared_meals,1,1,0.0
truck_scale,1,1,0.0
extended_hours,1,1,0.0
numbered;guide_type,1,1,0.0
dog friendly,1,1,0.0
last_edite,1,1,0.0
official_ele,1,1,0.0
also,1,1,0.0
click_and_collect:*,1,1,0.0
subsea,1,1,0.0
fotodato_1,1,1,0.0
just_eat,1,1,0.0
canada_post,1,1,0.0
time_interval,1,1,0.0
eitaa,1,1,0.0
short_term_rental,1,1,0.0
arret,1,1,0.0
checkme,1,1,0.0
variety_store:*,1,1,0.0
spesialty,1,1,0.0
alt_old_name,1,1,0.0
narrow_gauge,1,1,0.0
exchange,1,1,0.0
finance_company,1,1,0.0
destination_sign,1,1,0.0
Kuburan,1,1,0.0
residence,1,1,0.0
gestione,1,1,0.0
DUPLIKAT,1,1,0.0
deckchair_rental,1,1,0.0
cluster,1,1,0.0
groyne,1,1,0.0
visible_from_public,1,1,0.0
spaceflight,1,1,0.0
huisartspraktijk,1,1,0.0
cycle_rickshaw,1,1,0.0
haunted,1,1,0.0
three_bed_room,1,1,0.0
departments,1,1,0.0
walled_in,1,1,0.0
noteyears,1,1,0.0
allergen_guide,1,1,0.0
alt_url,1,1,0.0
rmn_ref,1,1,0.0
Alias,1,1,0.0
grid_reference,1,1,0.0
line_management,1,1,0.0
horary,1,1,0.0
services offered,1,1,0.0
ref3,1,1,0.0
hh_hours,1,1,0.0
care,1,1,0.0
BLR:*,1,1,0.0
occupants,1,1,0.0
LOCCOUNTY,1,1,0.0
workfriendly,1,1,0.0
summit_pass,1,1,0.0
preserved:*,1,1,0.0
hys,1,1,0.0
village_or_community_,1,1,0.0
animation,1,1,0.0
oluthana,1,1,0.0
postion,1,1,0.0
barbecueboat_rental,1,1,0.0
rem,1,1,0.0
scara,1,1,0.0
place_for_tent,1,1,0.0
cashpoint,1,1,0.0
ozi_wpt_id,1,1,0.0
hopscotch,1,1,0.0
enh_ssrobj,1,1,0.0
shop_6,1,1,0.0
pillow,1,1,0.0
brushes,1,1,0.0
section_communale,1,1,0.0
knooppunt,1,1,0.0
country_style,1,1,0.0
Parish Administrator,1,1,0.0
bark_rental,1,1,0.0
rules,1,1,0.0
commodity,1,1,0.0
bag_repair,1,1,0.0
shuttle_service,1,1,0.0
trash_compacting,1,1,0.0
sti,1,1,0.0
chillout_area,1,1,0.0
amenity_5,1,1,0.0
doctor_name,1,1,0.0
execution_site,1,1,0.0
thana,1,1,0.0
cultivar,1,1,0.0
unmanned,1,1,0.0
scouts,1,1,0.0
pollution,1,1,0.0
social_room,1,1,0.0
Code,1,1,0.0
surfboard,1,1,0.0
Surgical,1,1,0.0
material_engineering,1,1,0.0
print_date,1,1,0.0
scale_unit,1,1,0.0
customized,1,1,0.0
arbre,1,1,0.0
supplements,1,1,0.0
dril,1,1,0.0
RW,1,1,0.0
len,1,1,0.0
freight,1,1,0.0
rebuild,1,1,0.0
secured,1,1,0.0
schedulingservice,1,1,0.0
mp_type,1,1,0.0
old_landuse,1,1,0.0
nivel_ts,1,1,0.0
tabletop_games,1,1,0.0
vignette_swiss,1,1,0.0
activite,1,1,0.0
investment,1,1,0.0
website_askue,1,1,0.0
hoitoluokka,1,1,0.0
first_class,1,1,0.0
sourcedirec,1,1,0.0
max_letter_height,1,1,0.0
stand_type,1,1,0.0
cel,1,1,0.0
supermarky,1,1,0.0
art_sales,1,1,0.0
bicycle_road,1,1,0.0
nhs_prescriptions,1,1,0.0
short_old_name,1,1,0.0
sop,1,1,0.0
minzoomlevel,1,1,0.0
step:*,1,1,0.0
souvenir_shop,1,1,0.0
tree_coverage,1,1,0.0
photographic_laboratory,1,1,0.0
campervan,1,1,0.0
sta,1,1,0.0
postcard,1,1,0.0
bring_your_own_wine,1,1,0.0
medical_service_description,1,1,0.0
sofa,1,1,0.0
sandbox,1,1,0.0
parkteater,1,1,0.0
bicycle_repair_station,1,1,0.0
detour,1,1,0.0
economics,1,1,0.0
happened,1,1,0.0
temp_name,1,1,0.0
height_restrictor,1,1,0.0
synod,1,1,0.0
vip_lounge,1,1,0.0
SMFF,1,1,0.0
place_numbers,1,1,0.0
Program,1,1,0.0
technical_part,1,1,0.0
sign_post,1,1,0.0
office feeder maintain,1,1,0.0
receipt,1,1,0.0
hand_sanitizer,1,1,0.0
deposit_method,1,1,0.0
politician:*,1,1,0.0
nom_propri,1,1,0.0
aflou,1,1,0.0
diverse,1,1,0.0
alternative:*,1,1,0.0
spring water,1,1,0.0
surfing,1,1,0.0
highways_england:*,1,1,0.0
Cost,1,1,0.0
collection_times_1,1,1,0.0
rescue_code,1,1,0.0
install_date,1,1,0.0
gmaps,1,1,0.0
2016olympicgames,1,1,0.0
vertical_axis:*,1,1,0.0
bathing_place,1,1,0.0
pachinko,1,1,0.0
franked_mail,1,1,0.0
SER,1,1,0.0
BO_CR,1,1,0.0
arch,1,1,0.0
odbl:*,1,1,0.0
Centro Educativo,1,1,0.0
parroquia,1,1,0.0
source5,1,1,0.0
flagpole:*,1,1,0.0
source4,1,1,0.0
ein,1,1,0.0
war_memorial:*,1,1,0.0
firefishy:*,1,1,0.0
key_cutting:*,1,1,0.0
Water_Point:*,1,1,0.0
contact_person:*,1,1,0.0
wasan_goal:*,1,1,0.0
PMSA_name,1,1,0.0
old_place,1,1,0.0
radio-tv:*,1,1,0.0
limestone:*,1,1,0.0
postal_address,1,1,0.0
paddle:*,1,1,0.0
rubbish,1,1,0.0
dalatrafik:*,1,1,0.0
paper:*,1,1,0.0
memorial_2,1,1,0.0
kulturklik:*,1,1,0.0
nitrazdroj:*,1,1,0.0
sail:*,1,1,0.0
detergent:*,1,1,0.0
garden_equipment:*,1,1,0.0
disaster_risk:*,1,1,0.0
satellite,1,1,0.0
GBH,1,1,0.0
bbr:*,1,1,0.0
hat:*,1,1,0.0
parcel:*,1,1,0.0
old_alcohol,1,1,0.0
initial_start_date,1,1,0.0
rcn_ref:*,1,1,0.0
construction_type,1,1,0.0
sailing_school,1,1,0.0
medical:*,1,1,0.0
solicitor,1,1,0.0
vway:*,1,1,0.0
decoration:*,1,1,0.0
dimension,1,1,0.0
microcell,1,1,0.0
uri:*,1,1,0.0
gomel_PT:*,1,1,0.0
program:*,1,1,0.0
flooring:*,1,1,0.0
Parish Priest,1,1,0.0
fine,1,1,0.0
construction_vehicles:*,1,1,0.0
ms:*,1,1,0.0
Marker_date,1,1,0.0
electricalboat_rental,1,1,0.0
microbakery,1,1,0.0
mural_painting,1,1,0.0
old_owner,1,1,0.0
parachuting,1,1,0.0
lot:*,1,1,0.0
model_sport:*,1,1,0.0
ERP,1,1,0.0
online_banking,1,1,0.0
manual_prewash,1,1,0.0
flower,1,1,0.0
short_ref,1,1,0.0
protect:*,1,1,0.0
constant_flow,1,1,0.0
sett:*,1,1,0.0
marina:*,1,1,0.0
streetlamp:*,1,1,0.0
skid_steer_loader:*,1,1,0.0
landscape:*,1,1,0.0
tsunami:*,1,1,0.0
old_community:*,1,1,0.0
ngo:*,1,1,0.0
metroinfo:*,1,1,0.0
tag:*,1,1,0.0
electric_vehicle:*,1,1,0.0
madrasa,1,1,0.0
helmet:*,1,1,0.0
board_games:*,1,1,0.0
birds_nest:*,1,1,0.0
bike,1,1,0.0
backboard:*,1,1,0.0
paddle,1,1,0.0
social_center:*,1,1,0.0
sipca:*,1,1,0.0
render,1,1,0.0
laundry_service:*,1,1,0.0
alt_wikipedia,1,1,0.0
givebox:*,1,1,0.0
power_generator:*,1,1,0.0
wood:*,1,1,0.0
signal:*,1,1,0.0
www.prezzibenzina.it,1,1,0.0
signpost:*,1,1,0.0
circus:*,1,1,0.0
storenumber,1,1,0.0
battleground,1,1,0.0
beverages:*,1,1,0.0
creation:*,1,1,0.0
pasta:*,1,1,0.0
tour:*,1,1,0.0
zipper:*,1,1,0.0
food_bank:*,1,1,0.0
cot,1,1,0.0
wall_bars,1,1,0.0
millstone,1,1,0.0
San,1,1,0.0
sinokG,1,1,0.0
brreg:*,1,1,0.0
florist:*,1,1,0.0
alt_name6,1,1,0.0
drive_water:*,1,1,0.0
alt_name5,1,1,0.0
fabric:*,1,1,0.0
shelter_size,1,1,0.0
sticker:*,1,1,0.0
community_old,1,1,0.0
sort_of:*,1,1,0.0
reg_charity_number,1,1,0.0
e-wheel:*,1,1,0.0
gaming:*,1,1,0.0
alt_ref:*,1,1,0.0
instruction:*,1,1,0.0
visa,1,1,0.0
villa,1,1,0.0
geology:*,1,1,0.0
theft,1,1,0.0
shovel:*,1,1,0.0
op_status,1,1,0.0
return,1,1,0.0
youth_club:*,1,1,0.0
MAXIMO,1,1,0.0
exhaust:*,1,1,0.0
drive_in:*,1,1,0.0
expert:*,1,1,0.0
SSC,1,1,0.0
air_freshener:*,1,1,0.0
evjemoen_bygg_no,1,1,0.0
easter:*,1,1,0.0
Power_supply:*,1,1,0.0
pop_estimates_site_ind,1,1,0.0
lrn_ref,1,1,0.0
technology:*,1,1,0.0
Code_enq,1,1,0.0
old_inscription:*,1,1,0.0
video_games:*,1,1,0.0
vkpai:*,1,1,0.0
MAN_operator,1,1,0.0
public_tap,1,1,0.0
historic_date:*,1,1,0.0
bookshelf,1,1,0.0
fitness_center,1,1,0.0
tram:*,1,1,0.0
Estado,1,1,0.0
fumoir,1,1,0.0
taxi_1,1,1,0.0
foot:*,1,1,0.0
uniPav,1,1,0.0
note_fr,1,1,0.0
GON_PVT,1,1,0.0
signage,1,1,0.0
ownership_type,1,1,0.0
open area,1,1,0.0
bikepark:*,1,1,0.0
admin,1,1,0.0
enforcement_method,1,1,0.0
VILLAGE_ID,1,1,0.0
out,1,1,0.0
place_of_death,1,1,0.0
coffee_grinder,1,1,0.0
commisioned,1,1,0.0
coin_changer,1,1,0.0
kerkgenootschap,1,1,0.0
stilts,1,1,0.0
name-en,1,1,0.0
drain:*,1,1,0.0
POSUI,1,1,0.0
tablet,1,1,0.0
special_parking,1,1,0.0
umbrella_rental,1,1,0.0
jackhammer:*,1,1,0.0
interier,1,1,0.0
funeral_directors,1,1,0.0
codsnis:*,1,1,0.0
deposit_return,1,1,0.0
nightlife,1,1,0.0
cruceiro,1,1,0.0
Academic,1,1,0.0
carbonated,1,1,0.0
cable tv,1,1,0.0
Lokali,1,1,0.0
library_media,1,1,0.0
slalom,1,1,0.0
ore,1,1,0.0
palec,1,1,0.0
municipal center,1,1,0.0
cuisune:*,1,1,0.0
topic:*,1,1,0.0
operator_offical,1,1,0.0
officel_name,1,1,0.0
ticket_for,1,1,0.0
closure,1,1,0.0
head_doctor,1,1,0.0
distributing,1,1,0.0
ohv,1,1,0.0
crush_ice,1,1,0.0
fair,1,1,0.0
procurement,1,1,0.0
calibration,1,1,0.0
moment,1,1,0.0
nchp:*,1,1,0.0
stop_layers,1,1,0.0
blue,1,1,0.0
listed_building,1,1,0.0
slides,1,1,0.0
funeral_catering,1,1,0.0
vessel,1,1,0.0
Boutique,1,1,0.0
رقم الصراف الآلي,1,1,0.0
water_treatment,1,1,0.0
kenyan_airport_code,1,1,0.0
smokehouse,1,1,0.0
field_6,1,1,0.0
window_washer_fluid,1,1,0.0
precio,1,1,0.0
unconformity,1,1,0.0
famous,1,1,0.0
united,1,1,0.0
coreogthere,1,1,0.0
navigationaid,1,1,0.0
admin_leve,1,1,0.0
karate,1,1,0.0
Tassuaf,1,1,0.0
nonsquare,1,1,0.0
stock_capacity,1,1,0.0
alt_street,1,1,0.0
funcionality,1,1,0.0
radiacmeter,1,1,0.0
pastor_name,1,1,0.0
ground-level,1,1,0.0
recording_studio,1,1,0.0
operator_3,1,1,0.0
access_ref,1,1,0.0
cultura,1,1,0.0
power_1,1,1,0.0
PARCEL_ID,1,1,0.0
sidecar,1,1,0.0
bci,1,1,0.0
state_code,1,1,0.0
Fédération,1,1,0.0
portage,1,1,0.0
machine_tool,1,1,0.0
in,1,1,0.0
fire_pit,1,1,0.0
protect_title,1,1,0.0
seating_type,1,1,0.0
poetry,1,1,0.0
uk_postcode_centroid,1,1,0.0
offshore,1,1,0.0
cajero,1,1,0.0
legal_status,1,1,0.0
vehicle_ramp,1,1,0.0
headrest,1,1,0.0
max_clothing,1,1,0.0
rice:*,1,1,0.0
marihuana,1,1,0.0
personal trainer,1,1,0.0
woodchips,1,1,0.0
working_area,1,1,0.0
national_monument,1,1,0.0
pop_estimates_site_hou,1,1,0.0
creator:*,1,1,0.0
night_menu,1,1,0.0
tad:*,1,1,0.0
bus_tickets,1,1,0.0
digital_projection,1,1,0.0
memorial_type,1,1,0.0
cooling:*,1,1,0.0
horizontal_axis:*,1,1,0.0
CEO,1,1,0.0
mass,1,1,0.0
routes:*,1,1,0.0
Rathaus,1,1,0.0
caution,1,1,0.0
turkish_bath,1,1,0.0
fitness_room,1,1,0.0
TIPOLOGIA,1,1,0.0
coffee_sharing,1,1,0.0
kind,1,1,0.0
cuisine_2,1,1,0.0
terroir,1,1,0.0
practice_bicycle_carrier,1,1,0.0
dry_stone,1,1,0.0
id_no,1,1,0.0
mandal,1,1,0.0
Municipalidad,1,1,0.0
x-ray,1,1,0.0
silver,1,1,0.0
reflective:*,1,1,0.0
passenger_car,1,1,0.0
total_mineralization,1,1,0.0
partyservice:*,1,1,0.0
aviation,1,1,0.0
minilith_type,1,1,0.0
sacred,1,1,0.0
power_input,1,1,0.0
name_1:*,1,1,0.0
battle_type,1,1,0.0
pork,1,1,0.0
pallets,1,1,0.0
courts:*,1,1,0.0
pillbox_type,1,1,0.0
pedalo_rental,1,1,0.0
proper_crockery,1,1,0.0
old_shop1,1,1,0.0
foundry:*,1,1,0.0
official_website,1,1,0.0
event_location,1,1,0.0
mausoleum,1,1,0.0
date_of_creation,1,1,0.0
motorcycle_spaces,1,1,0.0
transitional_housing,1,1,0.0
highest_summit,1,1,0.0
connecting_rooms,1,1,0.0
kyc,1,1,0.0
Windmill,1,1,0.0
cycle_route,1,1,0.0
qso,1,1,0.0
costume,1,1,0.0
full_terminal,1,1,0.0
phone 2,1,1,0.0
priority collection,1,1,0.0
honorary,1,1,0.0
barefoot,1,1,0.0
buyback,1,1,0.0
shinto,1,1,0.0
active_agents,1,1,0.0
bottled_gas,1,1,0.0
euroflorist,1,1,0.0
nms_class,1,1,0.0
o Pescador,1,1,0.0
tourist_train,1,1,0.0
name3,1,1,0.0
retired,1,1,0.0
지역,1,1,0.0
old_decription,1,1,0.0
studio_1,1,1,0.0
map_status,1,1,0.0
son_of_god,1,1,0.0
river_mouth,1,1,0.0
section communale,1,1,0.0
shooting_2,1,1,0.0
max_letter_width,1,1,0.0
education_institute,1,1,0.0
eco_products,1,1,0.0
priority_postbox,1,1,0.0
Nama,1,1,0.0
meetingpoint,1,1,0.0
headframe:*,1,1,0.0
small_vehicle_parking,1,1,0.0
phone_corporate,1,1,0.0
boomgate,1,1,0.0
maxpressure,1,1,0.0
pintxos,1,1,0.0
identity_2,1,1,0.0
pepiniere,1,1,0.0
SERVICE,1,1,0.0
mockup,1,1,0.0
chest:*,1,1,0.0
noshow,1,1,0.0
informal:*,1,1,0.0
lamp_ref_senstadtumb,1,1,0.0
place_id,1,1,0.0
changing_room:*,1,1,0.0
living_street,1,1,0.0
paddock,1,1,0.0
heures fonctionnel,1,1,0.0
pithead,1,1,0.0
claimed_by,1,1,0.0
funder:*,1,1,0.0
track,1,1,0.0
freephone,1,1,0.0
musical_notation,1,1,0.0
fdid,1,1,0.0
parcel_service,1,1,0.0
metropole_level,1,1,0.0
price_range:*,1,1,0.0
casting_name:*,1,1,0.0
freemap:*,1,1,0.0
photo2,1,1,0.0
dog_treats,1,1,0.0
Nextdoor,1,1,0.0
data,1,1,0.0
burger:*,1,1,0.0
donation_of_goods,1,1,0.0
sorey,1,1,0.0
rain:*,1,1,0.0
service_industry,1,1,0.0
stamped,1,1,0.0
academy,1,1,0.0
start_date_1,1,1,0.0
window_blind:*,1,1,0.0
mortgage,1,1,0.0
free_evangelical,1,1,0.0
testing,1,1,0.0
site_ref,1,1,0.0
authorized,1,1,0.0
Activity,1,1,0.0
official_reseller,1,1,0.0
electrical_repair,1,1,0.0
machines,1,1,0.0
wholesale:*,1,1,0.0
hygiene_rating,1,1,0.0
card_lock,1,1,0.0
mayor,1,1,0.0
original_position,1,1,0.0
onlinecounselling,1,1,0.0
renovations,1,1,0.0
parrot,1,1,0.0
greywater_drain,1,1,0.0
mh_id,1,1,0.0
rwf,1,1,0.0
sisal,1,1,0.0
wikicommon,1,1,0.0
db:*,1,1,0.0
landmark info,1,1,0.0
completion_of_construction_date,1,1,0.0
sinsay,1,1,0.0
Publico,1,1,0.0
mail_service,1,1,0.0
facsimile,1,1,0.0
prepaid_mobile_phone,1,1,0.0
story,1,1,0.0
pressure_gauge,1,1,0.0
palaeontological,1,1,0.0
brotherhood,1,1,0.0
cook,1,1,0.0
access_notice,1,1,0.0
Registre,1,1,0.0
multicab,1,1,0.0
signal,1,1,0.0
teenager,1,1,0.0
staircase,1,1,0.0
price_class,1,1,0.0
schedule of attention,1,1,0.0
local_authority,1,1,0.0
drying_mangle,1,1,0.0
social_service,1,1,0.0
objectid_1,1,1,0.0
artwork_location,1,1,0.0
glacial_erratic,1,1,0.0
gourmet,1,1,0.0
sport_centre,1,1,0.0
Igreja,1,1,0.0
built2:*,1,1,0.0
pickup_window,1,1,0.0
international_organization,1,1,0.0
management_type,1,1,0.0
restrictions,1,1,0.0
jetty,1,1,0.0
bicimapa_security,1,1,0.0
wordprocessing,1,1,0.0
inhabited,1,1,0.0
long_stand,1,1,0.0
al_frecso,1,1,0.0
scents,1,1,0.0
independent,1,1,0.0
keywords,1,1,0.0
ventilator,1,1,0.0
3d_scan,1,1,0.0
cold,1,1,0.0
stop_zone,1,1,0.0
readable,1,1,0.0
underwater,1,1,0.0
languages,1,1,0.0
sprinkler:*,1,1,0.0
adult_gaming,1,1,0.0
uniform,1,1,0.0
from:*,1,1,0.0
labelname,1,1,0.0
phone_administration,1,1,0.0
lfdh:*,1,1,0.0
rehab_need,1,1,0.0
vermicompost,1,1,0.0
Built by,1,1,0.0
croissant:*,1,1,0.0
collaborator,1,1,0.0
eventtime,1,1,0.0
equipment_exchange,1,1,0.0
motor_ref,1,1,0.0
olive_oil,1,1,0.0
Móveis,1,1,0.0
SSID,1,1,0.0
local_level,1,1,0.0
hospital_specialization,1,1,0.0
BOKST,1,1,0.0
wrong_sign:*,1,1,0.0
leg,1,1,0.0
high_capacity,1,1,0.0
first_aid_kit:*,1,1,0.0
in_memoriam,1,1,0.0
national_lottery,1,1,0.0
keep-fit trail,1,1,0.0
mast,1,1,0.0
apple_pie,1,1,0.0
concessionaire,1,1,0.0
grassland,1,1,0.0
gadgets,1,1,0.0
software,1,1,0.0
atelier_partage,1,1,0.0
fossil,1,1,0.0
map_size:*,1,1,0.0
plastic_bottles,1,1,0.0
typewriter:*,1,1,0.0
non_smoking_area,1,1,0.0
wikmedia_commons,1,1,0.0
internet_shop,1,1,0.0
RT,1,1,0.0
quay,1,1,0.0
movement,1,1,0.0
history:*,1,1,0.0
mason:*,1,1,0.0
namew,1,1,0.0
farmstay,1,1,0.0
warm_lunch,1,1,0.0
deliveries,1,1,0.0
truck_stop,1,1,0.0
star_rating:*,1,1,0.0
No of IDE,1,1,0.0
artist_studio,1,1,0.0
clinical,1,1,0.0
grape_variety,1,1,0.0
line_ref,1,1,0.0
youth_club,1,1,0.0
incline:*,1,1,0.0
arrivals,1,1,0.0
architectural:*,1,1,0.0
seat_height,1,1,0.0
other_use,1,1,0.0
mast:*,1,1,0.0
tc,1,1,0.0
refurbished:*,1,1,0.0
conditional:*,1,1,0.0
mainframe:*,1,1,0.0
last_check:*,1,1,0.0
chained,1,1,0.0
mean:*,1,1,0.0
lamp_mount_type:*,1,1,0.0
therapy:*,1,1,0.0
imax:*,1,1,0.0
mobile_reception:*,1,1,0.0
mentoring,1,1,0.0
intelligence:*,1,1,0.0
public_transport_1,1,1,0.0
small_menu,1,1,0.0
indoors,1,1,0.0
service_area:*,1,1,0.0
valeting,1,1,0.0
bedding,1,1,0.0
consumer_electronics,1,1,0.0
hrmc:*,1,1,0.0
height_over_ground,1,1,0.0
water_works,1,1,0.0
Wedang,1,1,0.0
water_heater:*,1,1,0.0
medium,1,1,0.0
University,1,1,0.0
_P_CODE_,1,1,0.0
jail,1,1,0.0
storage_tank:*,1,1,0.0
dbh_estimate,1,1,0.0
airmiles,1,1,0.0
scaffolding:*,1,1,0.0
hfac_current_floor_space_use,1,1,0.0
adress:*,1,1,0.0
education_service:*,1,1,0.0
hpc:*,1,1,0.0
Մելնիցա,1,1,0.0
namejil gapisi,1,1,0.0
date_val,1,1,0.0
donkey,1,1,0.0
civilization:*,1,1,0.0
greeting_cards,1,1,0.0
racing:*,1,1,0.0
electorate:*,1,1,0.0
UPLABDHI,1,1,0.0
alt_name_4:*,1,1,0.0
wood_provided:*,1,1,0.0
catenary_mast:*,1,1,0.0
indigenous_nation,1,1,0.0
soup:*,1,1,0.0
hotels,1,1,0.0
retrofit,1,1,0.0
direction_1,1,1,0.0
comdephaapasa:*,1,1,0.0
imaging:*,1,1,0.0
reconstruction_date,1,1,0.0
utv:*,1,1,0.0
prescription_mailbox,1,1,0.0
citybikes,1,1,0.0
future_name,1,1,0.0
municipality_no,1,1,0.0
general_medical_services,1,1,0.0
bicycle_stand:*,1,1,0.0
emergency_box:*,1,1,0.0
uir_adr:*,1,1,0.0
mot_test,1,1,0.0
depicted:*,1,1,0.0
funeral:*,1,1,0.0
grave_yard:*,1,1,0.0
specifically,1,1,0.0
gravel,1,1,0.0
stop:*,1,1,0.0
Tarifs,1,1,0.0
plastic:*,1,1,0.0
mock,1,1,0.0
water_park:*,1,1,0.0
drum,1,1,0.0
ride_ref,1,1,0.0
NACE,1,1,0.0
categoria,1,1,0.0
onlinecounselling:*,1,1,0.0
sitting,1,1,0.0
rental_showcase,1,1,0.0
gaz,1,1,0.0
robidog,1,1,0.0
ffh-gebiet:*,1,1,0.0
fireplace:*,1,1,0.0
paymnet:*,1,1,0.0
cutline:*,1,1,0.0
artwork_theme,1,1,0.0
company_number,1,1,0.0
lasertag,1,1,0.0
service_4,1,1,0.0
old_name2:*,1,1,0.0
bowling_alley:*,1,1,0.0
ulock,1,1,0.0
grades:*,1,1,0.0
draft_beer,1,1,0.0
bob,1,1,0.0
animal_bowl,1,1,0.0
rennie,1,1,0.0
slide:*,1,1,0.0
faculty:*,1,1,0.0
safe_to_drink,1,1,0.0
wheelmap,1,1,0.0
brand_specialism,1,1,0.0
healer:*,1,1,0.0
started_by,1,1,0.0
german_beer,1,1,0.0
art_style,1,1,0.0
air_fill:*,1,1,0.0
smoothness:*,1,1,0.0
fire alarm,1,1,0.0
discontinue,1,1,0.0
religious_order,1,1,0.0
language_school:*,1,1,0.0
township,1,1,0.0
parenting,1,1,0.0
beauty salon,1,1,0.0
sight_query,1,1,0.0
townlion,1,1,0.0
catears,1,1,0.0
vehicletype,1,1,0.0
source3,1,1,0.0
total_length,1,1,0.0
latch,1,1,0.0
iwi,1,1,0.0
guitar:*,1,1,0.0
dedicatee:*,1,1,0.0
housename,1,1,0.0
handy_parking:*,1,1,0.0
tomb_style,1,1,0.0
electric_kick_scooter,1,1,0.0
prepared_food,1,1,0.0
payshop,1,1,0.0
linux:*,1,1,0.0
aquifer,1,1,0.0
facility_management,1,1,0.0
UNESCO POI,1,1,0.0
RAÄ:*,1,1,0.0
hot_ash,1,1,0.0
street_number,1,1,0.0
mobilidade,1,1,0.0
pets:*,1,1,0.0
protected:*,1,1,0.0
ms_fis_id,1,1,0.0
leisure_3,1,1,0.0
metal_grid,1,1,0.0
geocache,1,1,0.0
drobnepamatky,1,1,0.0
construction_company,1,1,0.0
protestant,1,1,0.0
aluminium,1,1,0.0
gondola_rental,1,1,0.0
information_display,1,1,0.0
start_tour,1,1,0.0
cct,1,1,0.0
street_lamp:*,1,1,0.0
描述,1,1,0.0
well:*,1,1,0.0
renewable_energy:*,1,1,0.0
bear_pole,1,1,0.0
painter:*,1,1,0.0
is_neighbourhood,1,1,0.0
tennant,1,1,0.0
carriage:*,1,1,0.0
chopper:*,1,1,0.0
antiques:*,1,1,0.0
FOLIO GRAL,1,1,0.0
datum:*,1,1,0.0
tracked_dumper:*,1,1,0.0
portier,1,1,0.0
diameter_trunk,1,1,0.0
postal,1,1,0.0
port:*,1,1,0.0
icon,1,1,0.0
tourist_bus:*,1,1,0.0
ground:*,1,1,0.0
old_note,1,1,0.0
passage_type,1,1,0.0
beacon,1,1,0.0
meat:*,1,1,0.0
PSMA_ref,1,1,0.0
wikisource,1,1,0.0
orari,1,1,0.0
avalanche_protection,1,1,0.0
paddling_pool,1,1,0.0
kroket,1,1,0.0
HS_ref,1,1,0.0
service_online,1,1,0.0
toposcope,1,1,0.0
rocks,1,1,0.0
Celular,1,1,0.0
community_old:*,1,1,0.0
deposits,1,1,0.0
counters,1,1,0.0
stop_type,1,1,0.0
zcs,1,1,0.0
hiker_box,1,1,0.0
ise,1,1,0.0
downhill_scooter:*,1,1,0.0
project_name,1,1,0.0
dbag:*,1,1,0.0
play:*,1,1,0.0
unfinished,1,1,0.0
cajas,1,1,0.0
meetingroom,1,1,0.0
geodesy,1,1,0.0
rate,1,1,0.0
hitas,1,1,0.0
business_lunch,1,1,0.0
bitcoin:*,1,1,0.0
too,1,1,0.0
dept_name,1,1,0.0
taspo,1,1,0.0
old_beauty,1,1,0.0
ciastre,1,1,0.0
lay,1,1,0.0
Fulton:*,1,1,0.0
number_of_tables,1,1,0.0
gratis_shop,1,1,0.0
marked,1,1,0.0
lawn_mower_robot:*,1,1,0.0
specality,1,1,0.0
animal_welfare,1,1,0.0
x-name,1,1,0.0
pop_up_shop,1,1,0.0
environment,1,1,0.0
out_of_order,1,1,0.0
map_creator:*,1,1,0.0
informal_name,1,1,0.0
rut,1,1,0.0
spoken,1,1,0.0
hansefit,1,1,0.0
Yelp,1,1,0.0
drop_off_only,1,1,0.0
spice,1,1,0.0
scramble,1,1,0.0
motorized,1,1,0.0
elephant,1,1,0.0
yoga,1,1,0.0
Zone,1,1,0.0
war_graves,1,1,0.0
parcel_books,1,1,0.0
landmarked_building,1,1,0.0
artesian,1,1,0.0
herbs,1,1,0.0
cod_act_econ,1,1,0.0
website3,1,1,0.0
batiment,1,1,0.0
legislative,1,1,0.0
attractions,1,1,0.0
horseback_riding,1,1,0.0
wildlife_watching,1,1,0.0
trog,1,1,0.0
project_of,1,1,0.0
ristorante,1,1,0.0
autocamp,1,1,0.0
outdoor_counter,1,1,0.0
cylinders,1,1,0.0
baju,1,1,0.0
pemilik,1,1,0.0
event_management,1,1,0.0
light_pollution,1,1,0.0
electorate,1,1,0.0
NMC,1,1,0.0
re_opening_date,1,1,0.0
hole,1,1,0.0
board_information,1,1,0.0
voucher,1,1,0.0
telephone_type,1,1,0.0
mechanism,1,1,0.0
assembly_point,1,1,0.0
land mark info,1,1,0.0
mill,1,1,0.0
battery_swapping,1,1,0.0
water_bottle_filler,1,1,0.0
accepted,1,1,0.0
harvester:*,1,1,0.0
ant_name:*,1,1,0.0
stonemason_name,1,1,0.0
bulkbilling,1,1,0.0
sleepover,1,1,0.0
raises,1,1,0.0
denotation_1,1,1,0.0
blinds,1,1,0.0
Dragon,1,1,0.0
Idf,1,1,0.0
identity_3,1,1,0.0
inv,1,1,0.0
preschool:*,1,1,0.0
standup_paddleboard:*,1,1,0.0
wine_tourism,1,1,0.0
trade_1,1,1,0.0
Ground,1,1,0.0
windsurf_rental,1,1,0.0
crashtesting,1,1,0.0
darning,1,1,0.0
date_of_construction,1,1,0.0
rescue_equipment,1,1,0.0
multipolygon,1,1,0.0
store_manager,1,1,0.0
koatuu,1,1,0.0
opbe:*,1,1,0.0
company_type,1,1,0.0
operator4,1,1,0.0
couples,1,1,0.0
y-tunnus,1,1,0.0
gender_segregated:*,1,1,0.0
nest_status:*,1,1,0.0
south,1,1,0.0
ww,1,1,0.0
pressure_gauges:*,1,1,0.0
AlpinRes_ID,1,1,0.0
codigo,1,1,0.0
max_letter_length,1,1,0.0
motorbicycle,1,1,0.0
handy_parking,1,1,0.0
paytv,1,1,0.0
late_lunch,1,1,0.0
Livraria,1,1,0.0
NAP:*,1,1,0.0
syllabus,1,1,0.0
Town,1,1,0.0
grinding_mill,1,1,0.0
perfume,1,1,0.0
CODE94X,1,1,0.0
unloading,1,1,0.0
pet_allowed,1,1,0.0
playhouse:*,1,1,0.0
include,1,1,0.0
source_alt,1,1,0.0
performance,1,1,0.0
ev,1,1,0.0
alcove,1,1,0.0
Police,1,1,0.0
shared_kitchen,1,1,0.0
tart_date,1,1,0.0
former_shop,1,1,0.0
field_4,1,1,0.0
perimeter,1,1,0.0
interpolation,1,1,0.0
駐車場その他,1,1,0.0
method,1,1,0.0
airpark,1,1,0.0
dragon,1,1,0.0
benefice,1,1,0.0
airport_shuttle,1,1,0.0
concrete,1,1,0.0
bus_zone,1,1,0.0
fuel_chain,1,1,0.0
waiter_service,1,1,0.0
educational_facility,1,1,0.0
npu:*,1,1,0.0
loay,1,1,0.0
low_tech,1,1,0.0
old_amenity1,1,1,0.0
val,1,1,0.0
lloyds_bar,1,1,0.0
key_needed,1,1,0.0
topper,1,1,0.0
propagation,1,1,0.0
commission,1,1,0.0
stop_swap_n_go,1,1,0.0
ttc_tickets,1,1,0.0
reopen_date,1,1,0.0
dangerous,1,1,0.0
takeover,1,1,0.0
advertisement,1,1,0.0
town_code,1,1,0.0
homeopatic,1,1,0.0
stationId,1,1,0.0
artist_patron,1,1,0.0
swift,1,1,0.0
name_local,1,1,0.0
academy_type,1,1,0.0
Boteco,1,1,0.0
pickup:*,1,1,0.0
urbanbrussels:*,1,1,0.0
Residence,1,1,0.0
average rate/kg,1,1,0.0
atmlounge,1,1,0.0
public_transit,1,1,0.0
parkmobile,1,1,0.0
artwork_tiles,1,1,0.0
wpt_code,1,1,0.0
used_to_be,1,1,0.0
sound_level,1,1,0.0
bottled,1,1,0.0
timezone,1,1,0.0
sustain_control,1,1,0.0
flora,1,1,0.0
cabinet,1,1,0.0
running_water,1,1,0.0
Empresa,1,1,0.0
pipes,1,1,0.0
refreshments,1,1,0.0
free parking,1,1,0.0
smoking_equipment,1,1,0.0
rilevatore,1,1,0.0
SPREF_NOM,1,1,0.0
pre_wash,1,1,0.0
4x4,1,1,0.0
students,1,1,0.0
environment:*,1,1,0.0
generated,1,1,0.0
regulatory,1,1,0.0
go_zone,1,1,0.0
idiotification,1,1,0.0
beach_chairs,1,1,0.0
cases,1,1,0.0
traditional_design,1,1,0.0
find,1,1,0.0
connector,1,1,0.0
overpowered,1,1,0.0
ride-on_car,1,1,0.0
Learnica,1,1,0.0
manu,1,1,0.0
เปิด1,1,1,0.0
bank_type,1,1,0.0
branch_id,1,1,0.0
descriptdescription,1,1,0.0
end_time,1,1,0.0
syallabus,1,1,0.0
limestone,1,1,0.0
caboose,1,1,0.0
painter,1,1,0.0
pilates,1,1,0.0
winding,1,1,0.0
bagel,1,1,0.0
craft_type,1,1,0.0
board_title,1,1,0.0
PREF_NOM,1,1,0.0
time_limit,1,1,0.0
統一編號,1,1,0.0
old_fixme,1,1,0.0
tdd,1,1,0.0
expected_rmn_route_relations,1,1,0.0
stma_friendly,1,1,0.0
building_classrooms,1,1,0.0
MnSHIP_ID,1,1,0.0
cep,1,1,0.0
edit,1,1,0.0
bicycle_friendly,1,1,0.0
decorpoealma,1,1,0.0
lunch_pack,1,1,0.0
Steckertyp,1,1,0.0
Functional,1,1,0.0
food_processor,1,1,0.0
dibiterie,1,1,0.0
id_adres,1,1,0.0
emergency_room,1,1,0.0
black_jack,1,1,0.0
gaggenau_historic_tour_ref,1,1,0.0
Merceria,1,1,0.0
note4,1,1,0.0
calibration_point,1,1,0.0
water_sports,1,1,0.0
feature:*,1,1,0.0
wall_type,1,1,0.0
recreational,1,1,0.0
conference_centre,1,1,0.0
site_hut:*,1,1,0.0
information_2,1,1,0.0
sabores,1,1,0.0
MP,1,1,0.0
afterwork,1,1,0.0
landscape,1,1,0.0
courtyard,1,1,0.0
concession_stand,1,1,0.0
coorganization,1,1,0.0
quartiere,1,1,0.0
lidi,1,1,0.0
kitchenware,1,1,0.0
overground,1,1,0.0
vaccination_site,1,1,0.0
Landmark,1,1,0.0
Google,1,1,0.0
project number,1,1,0.0
tree_lined,1,1,0.0
air_miles,1,1,0.0
disturbance,1,1,0.0
helpline,1,1,0.0
chocolates,1,1,0.0
gnomon,1,1,0.0
autocar,1,1,0.0
toilet_code,1,1,0.0
fare_currency,1,1,0.0
vayla_class,1,1,0.0
licence_required,1,1,0.0
jousting,1,1,0.0
domanialite,1,1,0.0
visiting_hours,1,1,0.0
minor_injury_unit,1,1,0.0
DataLevel,1,1,0.0
congregationalist,1,1,0.0
extensible_lits,1,1,0.0
auto_compacting,1,1,0.0
weather_dial,1,1,0.0
former_name2,1,1,0.0
prescribing,1,1,0.0
iucn_level,1,1,0.0
northing,1,1,0.0
art_school,1,1,0.0
construction_materials,1,1,0.0
squash,1,1,0.0
studio_2,1,1,0.0
rungs,1,1,0.0
deviantart,1,1,0.0
official_name2,1,1,0.0
nets,1,1,0.0
classement,1,1,0.0
FUNCION,1,1,0.0
train_departure_board,1,1,0.0
guidepost_status,1,1,0.0
modelmaking,1,1,0.0
rail_transport,1,1,0.0
mas_info,1,1,0.0
sexual,1,1,0.0
COD_INSTIT,1,1,0.0
identity_1,1,1,0.0
bell_push,1,1,0.0
date_burned,1,1,0.0
nom_resp,1,1,0.0
dislocated,1,1,0.0
Administration,1,1,0.0
drop_box,1,1,0.0
NIF,1,1,0.0
adults,1,1,0.0
healthcare_service,1,1,0.0
figurative,1,1,0.0
Village,1,1,0.0
truck_clearance,1,1,0.0
blood_donation,1,1,0.0
biotic_reef,1,1,0.0
dishwashing,1,1,0.0
stone_circle_type,1,1,0.0
eloxation,1,1,0.0
signed_website,1,1,0.0
safe_deposit_box,1,1,0.0
description_1:*,1,1,0.0
reward,1,1,0.0
pmu,1,1,0.0
seaweed,1,1,0.0
_amenity,1,1,0.0
naildesign,1,1,0.0
colour_2,1,1,0.0
pawn,1,1,0.0
dance_floor,1,1,0.0
direction_northeast_changed,1,1,0.0
pastelaria,1,1,0.0
military_2,1,1,0.0
Atelier,1,1,0.0
choir,1,1,0.0
sharpen:*,1,1,0.0
hillock,1,1,0.0
construction_date:*,1,1,0.0
Groups Activities,1,1,0.0
hill_fort_type,1,1,0.0
hearing_aids:*,1,1,0.0
gymnastics:*,1,1,0.0
seuil:*,1,1,0.0
haberdashery,1,1,0.0
COMUNE,1,1,0.0
ofsted:*,1,1,0.0
parts:*,1,1,0.0
shef:*,1,1,0.0
old_at_bev:*,1,1,0.0
contect:*,1,1,0.0
snowshoe:*,1,1,0.0
short_addr:*,1,1,0.0
sleepable,1,1,0.0
sanctified_date,1,1,0.0
keeper,1,1,0.0
Pamonharia Cunha,1,1,0.0
shutters,1,1,0.0
suspended:*,1,1,0.0
function_room,1,1,0.0
tiles:*,1,1,0.0
pattern,1,1,0.0
locationID,1,1,0.0
fitness:*,1,1,0.0
panoramex,1,1,0.0
console:*,1,1,0.0
creche:*,1,1,0.0
mattress:*,1,1,0.0
alarmas,1,1,0.0
GTT:*,1,1,0.0
downstairs,1,1,0.0
ahc:*,1,1,0.0
vaccine_required,1,1,0.0
dorm,1,1,0.0
car_parts:*,1,1,0.0
elr,1,1,0.0
Label,1,1,0.0
event_planner,1,1,0.0
inside_at_operator,1,1,0.0
closest_restroom,1,1,0.0
portable_toilets,1,1,0.0
courses,1,1,0.0
cupcake,1,1,0.0
old_brand2,1,1,0.0
sled,1,1,0.0
ticket_type,1,1,0.0
lane,1,1,0.0
gomel_PT,1,1,0.0
full_brand,1,1,0.0
image17,1,1,0.0
image16,1,1,0.0
profondeur,1,1,0.0
fake_dog,1,1,0.0
shelter_type_1,1,1,0.0
orchard,1,1,0.0
antiquarian,1,1,0.0
bottle_bracket,1,1,0.0
dvr_number,1,1,0.0
chronogramm,1,1,0.0
climbing_pole,1,1,0.0
paintings,1,1,0.0
blacklabel_larger,1,1,0.0
baidu,1,1,0.0
req,1,1,0.0
iban,1,1,0.0
Robomow,1,1,0.0
gemstones,1,1,0.0
play_area:*,1,1,0.0
nonmedical_practitioner,1,1,0.0
party_venue,1,1,0.0
rowing_boat_rental,1,1,0.0
coins_out,1,1,0.0
cowork,1,1,0.0
oyster,1,1,0.0
sortcode,1,1,0.0
squat,1,1,0.0
numero de mesas,1,1,0.0
conservation center,1,1,0.0
star_rating,1,1,0.0
trekking,1,1,0.0
corporate,1,1,0.0
mobile_phone_recharge,1,1,0.0
ward_head,1,1,0.0
ward_no,1,1,0.0
ferret,1,1,0.0
start_activity,1,1,0.0
PIN,1,1,0.0
old_date,1,1,0.0
amusement_ride,1,1,0.0
senior,1,1,0.0
lift:*,1,1,0.0
rec,1,1,0.0
interior,1,1,0.0
source_2:*,1,1,0.0
baby_hatch,1,1,0.0
concierge,1,1,0.0
unesco arm,1,1,0.0
Rukara,1,1,0.0
number_of_routes,1,1,0.0
hillside_letters,1,1,0.0
hoạt động,1,1,0.0
ice_resurfacer,1,1,0.0
installer,1,1,0.0
freehouse,1,1,0.0
red_diesel,1,1,0.0
sunglasses,1,1,0.0
donut,1,1,0.0
ssid,1,1,0.0
Sports Area Rules,1,1,0.0
alt_int_name,1,1,0.0
polish,1,1,0.0
fresh_water,1,1,0.0
official_clasification,1,1,0.0
carnicería,1,1,0.0
direction_sout,1,1,0.0
trigger_warning,1,1,0.0
phone_bike_service,1,1,0.0
high_seat,1,1,0.0
science,1,1,0.0
loan_type,1,1,0.0
direction_south_east,1,1,0.0
perennial,1,1,0.0
fare_area,1,1,0.0
store_categories,1,1,0.0
scrap_metal,1,1,0.0
pledge,1,1,0.0
audition,1,1,0.0
yellow_sack,1,1,0.0
ma,1,1,0.0
hudson_bike_share,1,1,0.0
SE,1,1,0.0
enh_ssr_id,1,1,0.0
removal_date,1,1,0.0
circus_school,1,1,0.0
common_wiki:*,1,1,0.0
knives,1,1,0.0
czech_monument_catalogue_number,1,1,0.0
welding,1,1,0.0
centre_cholera,1,1,0.0
picnic_shelter,1,1,0.0
moped_parking,1,1,0.0
شركة,1,1,0.0
unknown,1,1,0.0
circus,1,1,0.0
former_use,1,1,0.0
parent_agency,1,1,0.0
music_rehearsal_room,1,1,0.0
health_district,1,1,0.0
Farm,1,1,0.0
trail_register,1,1,0.0
POI,1,1,0.0
findagrave,1,1,0.0
website_old,1,1,0.0
knitted_hat,1,1,0.0
craft_ale,1,1,0.0
old_int_name,1,1,0.0
air_compressor,1,1,0.0
paddleboard,1,1,0.0
sub_code,1,1,0.0
railing,1,1,0.0
kiss_cycle,1,1,0.0
Class Assignment,1,1,0.0
base_material,1,1,0.0
posh,1,1,0.0
online_shop,1,1,0.0
educational_farm,1,1,0.0
old_id,1,1,0.0
reg_network,1,1,0.0
conservation_purpose,1,1,0.0
mot_testing,1,1,0.0
recreation_ground,1,1,0.0
social_facility_2,1,1,0.0
pet_wash,1,1,0.0
baby_care,1,1,0.0
mineshaft_type:*,1,1,0.0
boat_storage,1,1,0.0
McCafe,1,1,0.0
cuisine_3,1,1,0.0
concentration_hco3,1,1,0.0
olympics_gold,1,1,0.0
former_name1,1,1,0.0
facilitated_services,1,1,0.0
easting,1,1,0.0
noise_barrier,1,1,0.0
min_charge,1,1,0.0
nms_date,1,1,0.0
Affliation,1,1,0.0
borough,1,1,0.0
munro_number,1,1,0.0
soU,1,1,0.0
phone_evakuator,1,1,0.0
engine,1,1,0.0
repoint,1,1,0.0
MUCD,1,1,0.0
license_plate_code,1,1,0.0
singles,1,1,0.0
treatment,1,1,0.0
winkelnr,1,1,0.0
technical_insepction,1,1,0.0
consultation_hours,1,1,0.0
ciudad,1,1,0.0
ups_hospital,1,1,0.0
node_point,1,1,0.0
member,1,1,0.0
snaps,1,1,0.0
extermination_camp,1,1,0.0
pickup_service,1,1,0.0
exposition,1,1,0.0
sub_brand,1,1,0.0
minedu,1,1,0.0
is_collection_point,1,1,0.0
restroom_trailers,1,1,0.0
freemap_note,1,1,0.0
crochet_top,1,1,0.0
brand1,1,1,0.0
graves,1,1,0.0
sedamo,1,1,0.0
dog_pitch,1,1,0.0
hoitoluokitus_viheralue,1,1,0.0
water_touring,1,1,0.0
alt_name_6,1,1,0.0
nev,1,1,0.0
old_optician,1,1,0.0
OS_ref,1,1,0.0
multi-storey,1,1,0.0
notas,1,1,0.0
common:*,1,1,0.0
LOCCITY,1,1,0.0
tendant,1,1,0.0
addr3,1,1,0.0
landmark:*,1,1,0.0
max_people,1,1,0.0
asset,1,1,0.0
alt_namename,1,1,0.0
surfing:*,1,1,0.0
bear_resistant,1,1,0.0
key_copy,1,1,0.0
shampoo,1,1,0.0
camera_rentals,1,1,0.0
passenger_information_system,1,1,0.0
national_monument_no,1,1,0.0
made_from,1,1,0.0
feminine_hygiene_disposal,1,1,0.0
beachclub,1,1,0.0
self-service_kiosk,1,1,0.0
bairro,1,1,0.0
inspection_type,1,1,0.0
dropoff,1,1,0.0
_Category_,1,1,0.0
operator_2:*,1,1,0.0
listed_ref,1,1,0.0
events_centre:*,1,1,0.0
shooting_1,1,1,0.0
provides:*,1,1,0.0
barista_counter,1,1,0.0
description1:*,1,1,0.0
alt_postcode,1,1,0.0
water_resilient,1,1,0.0
osm_was_here,1,1,0.0
way_marker,1,1,0.0
vibratory_roller:*,1,1,0.0
sailboat_lessons,1,1,0.0
cow:*,1,1,0.0
audiovisual_tech,1,1,0.0
permanent_cash,1,1,0.0
place_sign,1,1,0.0
superficie,1,1,0.0
selling:*,1,1,0.0
tin:*,1,1,0.0
flagpole,1,1,0.0
genre:*,1,1,0.0
Jetty,1,1,0.0
wood_tools,1,1,0.0
ναμε,1,1,0.0
2026-04-18,1,1,0.0
reclaimed,1,1,0.0
admin_type,1,1,0.0
abonent,1,1,0.0
surveyor:*,1,1,0.0
acronym,1,1,0.0
ventilation_shaft,1,1,0.0
bunker_location,1,1,0.0
self_storage,1,1,0.0
last_murder_date,1,1,0.0
pun,1,1,0.0
x-natural,1,1,0.0
animal_breeding:*,1,1,0.0
opentable,1,1,0.0
laundry_rental,1,1,0.0
teleflora,1,1,0.0
legislator,1,1,0.0
bearing,1,1,0.0
alt_species:*,1,1,0.0
defunct:*,1,1,0.0
public_service_provider:*,1,1,0.0
natural_wine,1,1,0.0
bicycle_delivery_parking,1,1,0.0
display_date,1,1,0.0
print,1,1,0.0
function_room:*,1,1,0.0
historic_period,1,1,0.0
Kapolsek,1,1,0.0
marked_cycleway,1,1,0.0
GIC,1,1,0.0
yrt_tickets,1,1,0.0
motorcar_tyres,1,1,0.0
id_fb,1,1,0.0
auto,1,1,0.0
battery:*,1,1,0.0
zo_area,1,1,0.0
loc_phone,1,1,0.0
powerboat,1,1,0.0
dress_code:*,1,1,0.0
mechanicalpump:*,1,1,0.0
T1A,1,1,0.0
UPS:*,1,1,0.0
coverage:*,1,1,0.0
bike:*,1,1,0.0
previous_use,1,1,0.0
Квартальный столб,1,1,0.0
disability:*,1,1,0.0
insurance_agent,1,1,0.0
seaddr:*,1,1,0.0
DB_karte,1,1,0.0
moved_to,1,1,0.0
moon,1,1,0.0
Classification,1,1,0.0
cooking_class,1,1,0.0
ceo,1,1,0.0
clothes_line,1,1,0.0
building_supplies:*,1,1,0.0
desk,1,1,0.0
official_dealer,1,1,0.0
Desa,1,1,0.0
indoor_dining:*,1,1,0.0
groundskeeping:*,1,1,0.0
proprietor:*,1,1,0.0
machines:*,1,1,0.0
coal:*,1,1,0.0
concert:*,1,1,0.0
basketball:*,1,1,0.0
linesets,1,1,0.0
cnc:*,1,1,0.0
discovery:*,1,1,0.0
sign_text,1,1,0.0
smelter_name,1,1,0.0
food_waste:*,1,1,0.0
fountain_engineer_name,1,1,0.0
outreach_services:*,1,1,0.0
rucksack,1,1,0.0
conservation,1,1,0.0
signs,1,1,0.0
advertising_agency:*,1,1,0.0
sanitary_supply,1,1,0.0
replaces,1,1,0.0
festival_year,1,1,0.0
addr_street:*,1,1,0.0
assistance_call:*,1,1,0.0
rusty,1,1,0.0
fire_extinguishers:*,1,1,0.0
inlet:*,1,1,0.0
wardrobe:*,1,1,0.0
alcohol_licensing:*,1,1,0.0
pandemic,1,1,0.0
uncontrolled,1,1,0.0
prices:*,1,1,0.0
br_cnpj,1,1,0.0
srac:*,1,1,0.0
battery_storage:*,1,1,0.0
paint_protection,1,1,0.0
photograph,1,1,0.0
old_wikipedia:*,1,1,0.0
max_height,1,1,0.0
concrete_mixer:*,1,1,0.0
mini-excavator:*,1,1,0.0
addr_postal:*,1,1,0.0
unisex:*,1,1,0.0
turntables:*,1,1,0.0
ID_CAN,1,1,0.0
rock:*,1,1,0.0
button:*,1,1,0.0
NIAH:*,1,1,0.0
rodent,1,1,0.0
exercise_bike,1,1,0.0
decription:*,1,1,0.0
housenumber:*,1,1,0.0
newspaper_tube_1:*,1,1,0.0
souterrain_type,1,1,0.0
